"","H1","H2","H3","nABBA","nBABA","Dstat","jackEst","SE","Z","tree"
"36","mega_mega","mega_mega","toro_tent",161745,155256,0.02046997,0.02046997,0.002281672,8.971477,"torotoro & megarhyncha C"
"44","mega_mega","mega_sella","toro_tent",171446,163301,0.02433181,0.02433181,0.002616013,9.301103,"torotoro & megarhyncha C"
"45","mega_mega","mega_sella","toro_tent",161149,160043,0.003443423,0.003443423,0.002614997,1.316798,"torotoro & megarhyncha C"
"53","mega_mega","mega_mega","toro_tent",161318,155890,0.0171118,0.0171118,0.002640716,6.479986,"torotoro & megarhyncha C"
"54","mega_mega","mega_mega","toro_tent",151192,152769,-0.005188166,-0.005188166,0.002636774,1.967619,"torotoro & megarhyncha C"
"55","mega_sella","mega_mega","toro_tent",153185,155821,-0.008530579,-0.008530579,0.002371172,3.597621,"torotoro & megarhyncha H"
"63","mega_mega","mega_mega","toro_tent",173690,168889,0.01401429,0.01401429,0.002453671,5.71156,"torotoro & megarhyncha C"
"64","mega_mega","mega_mega","toro_tent",163435,165639,-0.006697582,-0.006697582,0.002441798,2.742889,"torotoro & megarhyncha C"
"65","mega_sella","mega_mega","toro_tent",161309,164141,-0.008701798,-0.008701798,0.002659813,3.271583,"torotoro & megarhyncha H"
"66","mega_mega","mega_mega","toro_tent",159592,159592,0,2.646978e-19,0.002658704,0,"torotoro & megarhyncha C"
"74","mega_mega","mega_sella","toro_tent",166749,175466,-0.02547229,-0.02547229,0.00275285,9.253063,"torotoro & megarhyncha C"
"75","mega_mega","mega_sella","toro_tent",156227,171833,-0.04757057,-0.04757057,0.002667565,17.83295,"torotoro & megarhyncha C"
"76","mega_sella","mega_sella","toro_tent",160644,177983,-0.05120383,-0.05120383,0.003002401,17.05429,"torotoro & megarhyncha H"
"77","mega_mega","mega_sella","toro_tent",154277,168349,-0.04361707,-0.04361707,0.003030141,14.3944,"torotoro & megarhyncha C"
"78","mega_mega","mega_sella","toro_tent",165064,179698,-0.04244667,-0.04244667,0.002690079,15.77897,"torotoro & megarhyncha C"
"86","mega_mega","mega_wellsi","toro_tent",91505,88283,0.01792111,0.01792111,0.003438449,5.211974,"torotoro & megarhyncha C"
"87","mega_mega","mega_wellsi","toro_tent",85453,86326,-0.005082111,-0.005082111,0.003480033,1.460363,"torotoro & megarhyncha C"
"89","mega_mega","mega_wellsi","toro_tent",85960,85404,0.003244555,0.003244555,0.00343147,0.9455294,"torotoro & megarhyncha C"
"90","mega_mega","mega_wellsi","toro_tent",93106,93028,0.0004190529,0.0004190529,0.003531816,0.1186509,"torotoro & megarhyncha C"
"99","mega_mega","ochr","toro_tent",72184,89295,-0.1059642,-0.1059642,0.003340355,31.72245,"torotoro & megarhyncha C"
"100","mega_mega","ochr","toro_tent",67473,87423,-0.1287961,-0.1287961,0.003294349,39.09607,"torotoro & megarhyncha C"
"101","mega_sella","ochr","toro_tent",69580,91458,-0.1358561,-0.1358561,0.003022708,44.94518,"torotoro & megarhyncha H"
"102","mega_mega","ochr","toro_tent",66765,85618,-0.1237211,-0.1237211,0.003215393,38.47777,"torotoro & megarhyncha C"
"103","mega_mega","ochr","toro_tent",71960,93158,-0.1283809,-0.1283809,0.003215022,39.93158,"torotoro & megarhyncha C"
"104","mega_sella","ochr","toro_tent",72954,88441,-0.09595712,-0.09595712,0.003681198,26.06682,"torotoro & megarhyncha H"
"105","mega_wellsi","ochr","toro_tent",39036,48560,-0.1087264,-0.1087264,0.004305725,25.2516,"torotoro & megarhyncha W"
"113","mega_mega","mega_sella","toro_tent",150543,152012,-0.004855316,-0.004855316,0.002683867,1.809075,"torotoro & megarhyncha C"
"114","mega_mega","mega_sella","toro_tent",142182,149164,-0.02396463,-0.02396463,0.002728968,8.781573,"torotoro & megarhyncha C"
"115","mega_sella","mega_sella","toro_tent",143506,152502,-0.03039107,-0.03039107,0.002392296,12.70372,"torotoro & megarhyncha H"
"116","mega_mega","mega_sella","toro_tent",137829,143802,-0.0212086,-0.0212086,0.002486059,8.531012,"torotoro & megarhyncha C"
"117","mega_mega","mega_sella","toro_tent",149479,155337,-0.01921815,-0.01921815,0.002661451,7.220931,"torotoro & megarhyncha C"
"118","mega_sella","mega_sella","toro_tent",137101,129881,0.02704302,0.02704302,0.003301801,8.190385,"torotoro & megarhyncha H"
"120","ochr","mega_sella","toro_tent",79226,63078,0.1134754,0.1134754,0.003198473,35.47798,"torotoro & megarhyncha H"
"128","mega_mega","mega_wellsi","toro_tent",102028,100410,0.007992571,0.007992571,0.003376591,2.367053,"torotoro & megarhyncha C"
"129","mega_mega","mega_wellsi","toro_tent",95423,97497,-0.01075057,-0.01075057,0.00339696,3.164762,"torotoro & megarhyncha C"
"131","mega_mega","mega_wellsi","toro_tent",95598,97043,-0.007500999,-0.007500999,0.003258395,2.302054,"torotoro & megarhyncha C"
"132","mega_mega","mega_wellsi","toro_tent",103648,105199,-0.007426489,-0.007426489,0.003409899,2.177921,"torotoro & megarhyncha C"
"134","mega_wellsi","mega_wellsi","toro_tent",52525,53505,-0.009242667,-0.009242667,0.003810899,2.425325,"torotoro & megarhyncha W"
"135","ochr","mega_wellsi","toro_tent",53957,43979,0.1018829,0.1018829,0.004050785,25.15139,"torotoro & megarhyncha W"
"144","mega_mega","mega_wellsi","toro_tent",98790,100164,-0.006906119,-0.006906119,0.003326536,2.076069,"torotoro & megarhyncha C"
"145","mega_mega","mega_wellsi","toro_tent",91881,97467,-0.02950124,-0.02950124,0.003305615,8.924584,"torotoro & megarhyncha C"
"147","mega_mega","mega_wellsi","toro_tent",93136,97348,-0.02211209,-0.02211209,0.003498366,6.320692,"torotoro & megarhyncha C"
"148","mega_mega","mega_wellsi","toro_tent",100364,105087,-0.02298845,-0.02298845,0.003257859,7.056306,"torotoro & megarhyncha C"
"150","mega_wellsi","mega_wellsi","toro_tent",52330,54530,-0.02058768,-0.02058768,0.0040692,5.059394,"torotoro & megarhyncha W"
"151","ochr","mega_wellsi","toro_tent",52425,44191,0.08522398,0.08522398,0.004263784,19.98787,"torotoro & megarhyncha W"
"153","mega_wellsi","mega_wellsi","toro_tent",57975,59978,-0.01698134,-0.01698134,0.003690783,4.601013,"torotoro & megarhyncha W"
"189","mega_mega","mega_mega","toro_meek",126888,123068,0.01528269,0.01528269,0.00249336,6.129354,"torotoro & megarhyncha C"
"197","mega_mega","mega_sella","toro_meek",133385,129676,0.01409939,0.01409939,0.002726152,5.171903,"torotoro & megarhyncha C"
"198","mega_mega","mega_sella","toro_meek",125476,126431,-0.003791082,-0.003791082,0.002795463,1.356155,"torotoro & megarhyncha C"
"206","mega_mega","mega_mega","toro_meek",126366,123891,0.009889833,0.009889833,0.002844051,3.477375,"torotoro & megarhyncha C"
"207","mega_mega","mega_mega","toro_meek",118544,120650,-0.008804569,-0.008804569,0.002799163,3.14543,"torotoro & megarhyncha C"
"208","mega_sella","mega_mega","toro_meek",120210,121681,-0.006081251,-0.006081251,0.002628162,2.31388,"torotoro & megarhyncha H"
"216","mega_mega","mega_mega","toro_meek",134971,133246,0.00643136,0.00643136,0.002621124,2.453665,"torotoro & megarhyncha C"
"217","mega_mega","mega_mega","toro_meek",127559,130183,-0.01018072,-0.01018072,0.002554271,3.985765,"torotoro & megarhyncha C"
"218","mega_sella","mega_mega","toro_meek",125739,127497,-0.006942141,-0.006942141,0.002877981,2.412157,"torotoro & megarhyncha H"
"219","mega_mega","mega_mega","toro_meek",124340,125016,-0.002710983,-0.002710983,0.002849167,0.9515005,"torotoro & megarhyncha C"
"227","mega_mega","mega_sella","toro_meek",131500,138601,-0.02629017,-0.02629017,0.003020978,8.702535,"torotoro & megarhyncha C"
"228","mega_mega","mega_sella","toro_meek",123756,135008,-0.04348364,-0.04348364,0.002920761,14.88778,"torotoro & megarhyncha C"
"229","mega_sella","mega_sella","toro_meek",126939,138552,-0.0437416,-0.0437416,0.003271782,13.36935,"torotoro & megarhyncha H"
"230","mega_mega","mega_sella","toro_meek",122560,132188,-0.03779421,-0.03779421,0.003256521,11.6057,"torotoro & megarhyncha C"
"231","mega_mega","mega_sella","toro_meek",129954,139884,-0.03679986,-0.03679986,0.003030154,12.14455,"torotoro & megarhyncha C"
"239","mega_mega","mega_wellsi","toro_meek",74176,72451,0.01176455,0.01176455,0.003683108,3.194189,"torotoro & megarhyncha C"
"240","mega_mega","mega_wellsi","toro_meek",69770,70665,-0.006373055,-0.006373055,0.003677989,1.732755,"torotoro & megarhyncha C"
"242","mega_mega","mega_wellsi","toro_meek",69696,69990,-0.002104721,-0.002104721,0.003720958,0.5656394,"torotoro & megarhyncha C"
"243","mega_mega","mega_wellsi","toro_meek",75282,75002,0.001863139,0.001863139,0.003617706,0.5150056,"torotoro & megarhyncha C"
"252","mega_mega","ochr","toro_meek",56797,71649,-0.1156284,-0.1156284,0.003521954,32.83074,"torotoro & megarhyncha C"
"253","mega_mega","ochr","toro_meek",53467,69296,-0.1289395,-0.1289395,0.003580394,36.01266,"torotoro & megarhyncha C"
"254","mega_sella","ochr","toro_meek",55040,72113,-0.1342713,-0.1342713,0.003334689,40.26502,"torotoro & megarhyncha H"
"255","mega_mega","ochr","toro_meek",52490,67511,-0.125174,-0.125174,0.003397848,36.83918,"torotoro & megarhyncha C"
"256","mega_mega","ochr","toro_meek",56736,73081,-0.125908,-0.125908,0.00347455,36.23721,"torotoro & megarhyncha C"
"257","mega_sella","ochr","toro_meek",57479,70640,-0.1027248,-0.1027248,0.003834451,26.78997,"torotoro & megarhyncha H"
"258","mega_wellsi","ochr","toro_meek",31735,39822,-0.1130148,-0.1130148,0.004687762,24.10848,"torotoro & megarhyncha W"
"266","mega_mega","mega_sella","toro_meek",116187,120586,-0.01857898,-0.01857898,0.002816525,6.596419,"torotoro & megarhyncha C"
"267","mega_mega","mega_sella","toro_meek",110013,117600,-0.03333289,-0.03333289,0.002902061,11.48594,"torotoro & megarhyncha C"
"268","mega_sella","mega_sella","toro_meek",111239,118606,-0.03205204,-0.03205204,0.002708086,11.83568,"torotoro & megarhyncha H"
"269","mega_mega","mega_sella","toro_meek",106781,112925,-0.02796464,-0.02796464,0.002773808,10.08168,"torotoro & megarhyncha C"
"270","mega_mega","mega_sella","toro_meek",115372,121457,-0.02569364,-0.02569364,0.002932748,8.760945,"torotoro & megarhyncha C"
"271","mega_sella","mega_sella","toro_meek",106330,103639,0.01281618,0.01281618,0.003529146,3.631524,"torotoro & megarhyncha H"
"273","ochr","mega_sella","toro_meek",62350,49881,0.1111012,0.1111012,0.003512558,31.62971,"torotoro & megarhyncha H"
"281","mega_mega","mega_wellsi","toro_meek",81643,80976,0.004101612,0.004101612,0.003563497,1.151007,"torotoro & megarhyncha C"
"282","mega_mega","mega_wellsi","toro_meek",76555,78664,-0.01358725,-0.01358725,0.00355364,3.823475,"torotoro & megarhyncha C"
"284","mega_mega","mega_wellsi","toro_meek",76796,78017,-0.007886935,-0.007886935,0.003542048,2.22666,"torotoro & megarhyncha C"
"285","mega_mega","mega_wellsi","toro_meek",82822,83838,-0.006096244,-0.006096244,0.003566553,1.709282,"torotoro & megarhyncha C"
"287","mega_wellsi","mega_wellsi","toro_meek",43844,44362,-0.005872616,-0.005872616,0.004153232,1.413987,"torotoro & megarhyncha W"
"288","ochr","mega_wellsi","toro_meek",43716,35369,0.1055447,0.1055447,0.004440195,23.77028,"torotoro & megarhyncha W"
"297","mega_mega","mega_wellsi","toro_meek",78782,81299,-0.01572329,-0.01572329,0.003492707,4.501748,"torotoro & megarhyncha C"
"298","mega_mega","mega_wellsi","toro_meek",73605,78347,-0.03120722,-0.03120722,0.003495623,8.927513,"torotoro & megarhyncha C"
"300","mega_mega","mega_wellsi","toro_meek",74352,78077,-0.02443761,-0.02443761,0.003659412,6.678015,"torotoro & megarhyncha C"
"301","mega_mega","mega_wellsi","toro_meek",80028,83455,-0.02096242,-0.02096242,0.003469586,6.041765,"torotoro & megarhyncha C"
"303","mega_wellsi","mega_wellsi","toro_meek",43205,45182,-0.02236754,-0.02236754,0.004360357,5.129751,"torotoro & megarhyncha W"
"304","ochr","mega_wellsi","toro_meek",42526,35666,0.08773276,0.08773276,0.004510607,19.45032,"torotoro & megarhyncha W"
"306","mega_wellsi","mega_wellsi","toro_meek",47519,49413,-0.01953947,-0.01953947,0.00409159,4.775521,"torotoro & megarhyncha W"
"342","mega_mega","mega_mega","toro_flav",103505,100390,0.01527747,0.01527747,0.002660799,5.741686,"torotoro & megarhyncha C"
"350","mega_mega","mega_sella","toro_flav",109867,105515,0.02020596,0.02020596,0.003020959,6.688592,"torotoro & megarhyncha C"
"351","mega_mega","mega_sella","toro_flav",102865,101711,0.005640935,0.005640935,0.00302711,1.863472,"torotoro & megarhyncha C"
"359","mega_mega","mega_mega","toro_flav",103896,101197,0.01315988,0.01315988,0.003055038,4.3076,"torotoro & megarhyncha C"
"360","mega_mega","mega_mega","toro_flav",96962,98000,-0.005324114,-0.005324114,0.003041816,1.750308,"torotoro & megarhyncha C"
"361","mega_sella","mega_mega","toro_flav",98074,100076,-0.01010346,-0.01010346,0.00277029,3.647076,"torotoro & megarhyncha H"
"369","mega_mega","mega_mega","toro_flav",110760,108971,0.008141773,0.008141773,0.002832681,2.874229,"torotoro & megarhyncha C"
"370","mega_mega","mega_mega","toro_flav",104412,105459,-0.004988779,-0.004988779,0.002748954,1.814792,"torotoro & megarhyncha C"
"371","mega_sella","mega_mega","toro_flav",102375,104695,-0.01120394,-0.01120394,0.003080137,3.637481,"torotoro & megarhyncha H"
"372","mega_mega","mega_mega","toro_flav",102200,102791,-0.002883053,-0.002883053,0.003010117,0.9577878,"torotoro & megarhyncha C"
"380","mega_mega","mega_sella","toro_flav",106487,113078,-0.03001845,-0.03001845,0.003163112,9.490161,"torotoro & megarhyncha C"
"381","mega_mega","mega_sella","toro_flav",99554,109166,-0.04605213,-0.04605213,0.003073972,14.98131,"torotoro & megarhyncha C"
"382","mega_sella","mega_sella","toro_flav",102084,113966,-0.05499653,-0.05499653,0.003359998,16.36803,"torotoro & megarhyncha H"
"383","mega_mega","mega_sella","toro_flav",98944,107732,-0.04252066,-0.04252066,0.003381878,12.57309,"torotoro & megarhyncha C"
"384","mega_mega","mega_sella","toro_flav",104972,114221,-0.04219569,-0.04219569,0.003098379,13.61864,"torotoro & megarhyncha C"
"392","mega_mega","mega_wellsi","toro_flav",61929,58729,0.02652124,0.02652124,0.004006483,6.619583,"torotoro & megarhyncha C"
"393","mega_mega","mega_wellsi","toro_flav",57982,56764,0.01061475,0.01061475,0.004106663,2.584763,"torotoro & megarhyncha C"
"395","mega_mega","mega_wellsi","toro_flav",58534,56545,0.01728378,0.01728378,0.003972315,4.35106,"torotoro & megarhyncha C"
"396","mega_mega","mega_wellsi","toro_flav",63339,61263,0.01666105,0.01666105,0.003980432,4.185739,"torotoro & megarhyncha C"
"405","mega_mega","ochr","toro_flav",48343,58966,-0.09899449,-0.09899449,0.003850094,25.71223,"torotoro & megarhyncha C"
"406","mega_mega","ochr","toro_flav",45047,56984,-0.1169939,-0.1169939,0.003847401,30.40854,"torotoro & megarhyncha C"
"407","mega_sella","ochr","toro_flav",46470,59544,-0.1233233,-0.1233233,0.003621251,34.05545,"torotoro & megarhyncha H"
"408","mega_mega","ochr","toro_flav",44614,56000,-0.1131652,-0.1131652,0.003681883,30.73568,"torotoro & megarhyncha C"
"409","mega_mega","ochr","toro_flav",47932,60780,-0.1181838,-0.1181838,0.003700987,31.93306,"torotoro & megarhyncha C"
"410","mega_sella","ochr","toro_flav",48631,57745,-0.08567722,-0.08567722,0.00423306,20.24002,"torotoro & megarhyncha H"
"411","mega_wellsi","ochr","toro_flav",27062,33647,-0.1084683,-0.1084683,0.005017673,21.61724,"torotoro & megarhyncha W"
"419","mega_mega","mega_sella","toro_flav",96122,98645,-0.01295394,-0.01295394,0.003074222,4.21373,"torotoro & megarhyncha C"
"420","mega_mega","mega_sella","toro_flav",89898,95500,-0.03021608,-0.03021608,0.003158928,9.565293,"torotoro & megarhyncha C"
"421","mega_sella","mega_sella","toro_flav",90651,97531,-0.03656035,-0.03656035,0.002944357,12.41709,"torotoro & megarhyncha H"
"422","mega_mega","mega_sella","toro_flav",87735,92405,-0.02592428,-0.02592428,0.002964048,8.746242,"torotoro & megarhyncha C"
"423","mega_mega","mega_sella","toro_flav",94758,99152,-0.02266,-0.02266,0.003122475,7.257063,"torotoro & megarhyncha C"
"424","mega_sella","mega_sella","toro_flav",87060,83248,0.02238298,0.02238298,0.003761608,5.950375,"torotoro & megarhyncha H"
"426","ochr","mega_sella","toro_flav",51560,42373,0.09780375,0.09780375,0.003815679,25.63207,"torotoro & megarhyncha H"
"434","mega_mega","mega_wellsi","toro_flav",67565,66880,0.00509502,0.00509502,0.003936678,1.294244,"torotoro & megarhyncha C"
"435","mega_mega","mega_wellsi","toro_flav",63507,64378,-0.006810807,-0.006810807,0.003838826,1.77419,"torotoro & megarhyncha C"
"437","mega_mega","mega_wellsi","toro_flav",63893,64701,-0.006283341,-0.006283341,0.003721902,1.688207,"torotoro & megarhyncha C"
"438","mega_mega","mega_wellsi","toro_flav",68736,69425,-0.004986936,-0.004986936,0.003707677,1.34503,"torotoro & megarhyncha C"
"440","mega_wellsi","mega_wellsi","toro_flav",36507,37860,-0.01819355,-0.01819355,0.004467236,4.072665,"torotoro & megarhyncha W"
"441","ochr","mega_wellsi","toro_flav",36641,30329,0.09425116,0.09425116,0.004686643,20.11059,"torotoro & megarhyncha W"
"450","mega_mega","mega_wellsi","toro_flav",66292,66346,-0.0004071231,-0.0004071231,0.003824596,0.1064487,"torotoro & megarhyncha C"
"451","mega_mega","mega_wellsi","toro_flav",61548,63726,-0.01738589,-0.01738589,0.003785052,4.593303,"torotoro & megarhyncha C"
"453","mega_mega","mega_wellsi","toro_flav",62259,64050,-0.01417951,-0.01417951,0.003930968,3.60713,"torotoro & megarhyncha C"
"454","mega_mega","mega_wellsi","toro_flav",67012,68656,-0.01211782,-0.01211782,0.003730703,3.248132,"torotoro & megarhyncha C"
"456","mega_wellsi","mega_wellsi","toro_flav",36125,38120,-0.0268705,-0.0268705,0.00458527,5.860178,"torotoro & megarhyncha W"
"457","ochr","mega_wellsi","toro_flav",36010,30595,0.0813002,0.0813002,0.004899773,16.59265,"torotoro & megarhyncha W"
"459","mega_wellsi","mega_wellsi","toro_flav",40287,41244,-0.01173787,-0.01173787,0.004383997,2.677435,"torotoro & megarhyncha W"
"495","mega_mega","mega_mega","toro_toro",138249,131509,0.02498536,0.02498536,0.002225922,11.22472,"torotoro & megarhyncha C"
"503","mega_mega","mega_sella","toro_toro",145068,136768,0.02944975,0.02944975,0.002396847,12.28687,"torotoro & megarhyncha C"
"504","mega_mega","mega_sella","toro_toro",136548,135221,0.004882823,0.004882823,0.002381368,2.050428,"torotoro & megarhyncha C"
"512","mega_mega","mega_mega","toro_toro",136321,131799,0.01686558,0.01686558,0.002491148,6.770206,"torotoro & megarhyncha C"
"513","mega_mega","mega_mega","toro_toro",128032,129886,-0.007188331,-0.007188331,0.002477612,2.901314,"torotoro & megarhyncha C"
"514","mega_sella","mega_mega","toro_toro",128486,131504,-0.01160814,-0.01160814,0.002201914,5.271841,"torotoro & megarhyncha H"
"522","mega_mega","mega_mega","toro_toro",148159,141032,0.02464461,0.02464461,0.002195117,11.22702,"torotoro & megarhyncha C"
"523","mega_mega","mega_mega","toro_toro",139548,140087,-0.001927513,-0.001927513,0.002127603,0.9059551,"torotoro & megarhyncha C"
"524","mega_sella","mega_mega","toro_toro",136606,137878,-0.00463415,-0.00463415,0.002380297,1.946879,"torotoro & megarhyncha H"
"525","mega_mega","mega_mega","toro_toro",135753,134080,0.006200131,0.006200131,0.002451684,2.528927,"torotoro & megarhyncha C"
"533","mega_mega","mega_sella","toro_toro",150069,143426,0.02263412,0.02263412,0.002433543,9.300889,"torotoro & megarhyncha C"
"534","mega_mega","mega_sella","toro_toro",141382,141986,-0.002131504,-0.002131504,0.00246207,0.8657365,"torotoro & megarhyncha C"
"535","mega_sella","mega_sella","toro_toro",144114,146784,-0.009178475,-0.009178475,0.002808744,3.267821,"torotoro & megarhyncha H"
"536","mega_mega","mega_sella","toro_toro",138904,137880,0.003699636,0.003699636,0.002865561,1.291069,"torotoro & megarhyncha C"
"537","mega_mega","mega_sella","toro_toro",148421,148945,-0.001762138,-0.001762138,0.002405498,0.7325462,"torotoro & megarhyncha C"
"545","mega_mega","mega_wellsi","toro_toro",75996,75341,0.004328089,0.004328089,0.003437902,1.258933,"torotoro & megarhyncha C"
"546","mega_mega","mega_wellsi","toro_toro",70985,74197,-0.02212395,-0.02212395,0.00344359,6.424678,"torotoro & megarhyncha C"
"548","mega_mega","mega_wellsi","toro_toro",71144,72648,-0.01045955,-0.01045955,0.00332211,3.148467,"torotoro & megarhyncha C"
"549","mega_mega","mega_wellsi","toro_toro",76668,79604,-0.01878775,-0.01878775,0.003438395,5.464107,"torotoro & megarhyncha C"
"558","mega_mega","ochr","toro_toro",65489,74126,-0.06186298,-0.06186298,0.003291676,18.79376,"torotoro & megarhyncha C"
"559","mega_mega","ochr","toro_toro",61738,73465,-0.08673624,-0.08673624,0.003346756,25.91651,"torotoro & megarhyncha C"
"560","mega_sella","ochr","toro_toro",63026,76147,-0.09427834,-0.09427834,0.003148313,29.94567,"torotoro & megarhyncha H"
"561","mega_mega","ochr","toro_toro",60607,70762,-0.07730134,-0.07730134,0.003147461,24.5599,"torotoro & megarhyncha C"
"562","mega_mega","ochr","toro_toro",65224,77595,-0.08662013,-0.08662013,0.003194979,27.11133,"torotoro & megarhyncha C"
"563","mega_sella","ochr","toro_toro",64888,77499,-0.08856848,-0.08856848,0.003548471,24.95962,"torotoro & megarhyncha H"
"564","mega_wellsi","ochr","toro_toro",35402,39800,-0.05848249,-0.05848249,0.004427285,13.20956,"torotoro & megarhyncha W"
"572","mega_mega","mega_sella","toro_toro",134211,124005,0.03952505,0.03952505,0.002442811,16.18015,"torotoro & megarhyncha C"
"573","mega_mega","mega_sella","toro_toro",126696,122363,0.01739748,0.01739748,0.00253863,6.853099,"torotoro & megarhyncha C"
"574","mega_sella","mega_sella","toro_toro",127682,124199,0.01382796,0.01382796,0.002280893,6.06252,"torotoro & megarhyncha H"
"575","mega_mega","mega_sella","toro_toro",122980,117595,0.02238387,0.02238387,0.002277402,9.828687,"torotoro & megarhyncha C"
"576","mega_mega","mega_sella","toro_toro",132566,127904,0.01789841,0.01789841,0.002466813,7.255682,"torotoro & megarhyncha C"
"577","mega_sella","mega_sella","toro_toro",119777,114344,0.02320595,0.02320595,0.003103057,7.478414,"torotoro & megarhyncha H"
"579","ochr","mega_sella","toro_toro",68843,55993,0.1029351,0.1029351,0.003242255,31.74798,"torotoro & megarhyncha H"
"587","mega_mega","mega_wellsi","toro_toro",84585,85973,-0.008137994,-0.008137994,0.003377455,2.409505,"torotoro & megarhyncha C"
"588","mega_mega","mega_wellsi","toro_toro",79174,84178,-0.03063323,-0.03063323,0.003268253,9.37297,"torotoro & megarhyncha C"
"590","mega_mega","mega_wellsi","toro_toro",79128,83281,-0.02557124,-0.02557124,0.003184402,8.030156,"torotoro & megarhyncha C"
"591","mega_mega","mega_wellsi","toro_toro",84982,91117,-0.03483836,-0.03483836,0.003276799,10.63183,"torotoro & megarhyncha C"
"593","mega_wellsi","mega_wellsi","toro_toro",44106,44960,-0.009588395,-0.009588395,0.003974998,2.412176,"torotoro & megarhyncha W"
"594","ochr","mega_wellsi","toro_toro",44206,40103,0.04866622,0.04866622,0.004099644,11.87084,"torotoro & megarhyncha W"
"603","mega_mega","mega_wellsi","toro_toro",82056,85779,-0.0221825,-0.0221825,0.003232349,6.862656,"torotoro & megarhyncha C"
"604","mega_mega","mega_wellsi","toro_toro",76411,84244,-0.04875665,-0.04875665,0.003240178,15.04752,"torotoro & megarhyncha C"
"606","mega_mega","mega_wellsi","toro_toro",77251,83394,-0.0382396,-0.0382396,0.003344017,11.43523,"torotoro & megarhyncha C"
"607","mega_mega","mega_wellsi","toro_toro",82993,91090,-0.0465123,-0.0465123,0.003171896,14.66388,"torotoro & megarhyncha C"
"609","mega_wellsi","mega_wellsi","toro_toro",43597,46050,-0.02736288,-0.02736288,0.004147959,6.596708,"torotoro & megarhyncha W"
"610","ochr","mega_wellsi","toro_toro",43398,40615,0.03312583,0.03312583,0.00421322,7.862354,"torotoro & megarhyncha W"
"612","mega_wellsi","mega_wellsi","toro_toro",49178,50408,-0.01235113,-0.01235113,0.003931907,3.141258,"torotoro & megarhyncha W"
"648","mega_mega","mega_mega","toro_flav",120694,195145,-0.2357245,-0.2357245,0.002320455,101.5855,"torotoro & megarhyncha C"
"656","mega_mega","mega_sella","toro_flav",125565,207206,-0.2453369,-0.2453369,0.002448632,100.1934,"torotoro & megarhyncha C"
"657","mega_mega","mega_sella","toro_flav",143836,146361,-0.008700986,-0.008700986,0.002367505,3.675172,"torotoro & megarhyncha C"
"665","mega_mega","mega_mega","toro_flav",118147,197529,-0.2514667,-0.2514667,0.002461423,102.1631,"torotoro & megarhyncha C"
"666","mega_mega","mega_mega","toro_flav",135640,140331,-0.01699816,-0.01699816,0.002445235,6.951545,"torotoro & megarhyncha C"
"667","mega_sella","mega_mega","toro_flav",137584,140559,-0.01069594,-0.01069594,0.002304939,4.640442,"torotoro & megarhyncha H"
"675","mega_mega","mega_mega","toro_flav",127962,213311,-0.2500901,-0.2500901,0.002269947,110.1744,"torotoro & megarhyncha C"
"676","mega_mega","mega_mega","toro_flav",147111,150206,-0.01040976,-0.01040976,0.002268076,4.589689,"torotoro & megarhyncha C"
"677","mega_sella","mega_mega","toro_flav",145586,146297,-0.002435908,-0.002435908,0.002241699,1.086634,"torotoro & megarhyncha H"
"678","mega_mega","mega_mega","toro_flav",144607,142782,0.006350278,0.006350278,0.002244294,2.829522,"torotoro & megarhyncha C"
"686","mega_mega","mega_sella","toro_flav",124753,220127,-0.2765426,-0.2765426,0.002355191,117.4183,"torotoro & megarhyncha C"
"687","mega_mega","mega_sella","toro_flav",142662,156208,-0.04532405,-0.04532405,0.002358114,19.22047,"torotoro & megarhyncha C"
"688","mega_sella","mega_sella","toro_flav",147397,159676,-0.03998723,-0.03998723,0.002350691,17.01084,"torotoro & megarhyncha H"
"689","mega_mega","mega_sella","toro_flav",141986,151295,-0.03174089,-0.03174089,0.002367182,13.40872,"torotoro & megarhyncha C"
"690","mega_mega","mega_sella","toro_flav",150257,161929,-0.03738797,-0.03738797,0.002263953,16.51447,"torotoro & megarhyncha C"
"698","mega_mega","mega_wellsi","toro_flav",66918,112843,-0.2554781,-0.2554781,0.002927338,87.27317,"torotoro & megarhyncha C"
"699","mega_mega","mega_wellsi","toro_flav",73138,83189,-0.06429472,-0.06429472,0.002964541,21.68791,"torotoro & megarhyncha C"
"701","mega_mega","mega_wellsi","toro_flav",73826,81023,-0.04647754,-0.04647754,0.003096131,15.01149,"torotoro & megarhyncha C"
"702","mega_mega","mega_wellsi","toro_flav",79203,88481,-0.05533026,-0.05533026,0.002935881,18.84622,"torotoro & megarhyncha C"
"711","mega_mega","ochr","toro_flav",51435,112467,-0.3723689,-0.3723689,0.003182633,117.0002,"torotoro & megarhyncha C"
"712","mega_mega","ochr","toro_flav",55789,85689,-0.2113403,-0.2113403,0.00342707,61.66792,"torotoro & megarhyncha C"
"713","mega_sella","ochr","toro_flav",57275,87844,-0.2106478,-0.2106478,0.003304953,63.73701,"torotoro & megarhyncha H"
"714","mega_mega","ochr","toro_flav",55011,82194,-0.1981196,-0.1981196,0.003467561,57.13515,"torotoro & megarhyncha C"
"715","mega_mega","ochr","toro_flav",59018,90224,-0.2090966,-0.2090966,0.0033774,61.91052,"torotoro & megarhyncha C"
"716","mega_sella","ochr","toro_flav",60085,86422,-0.1797662,-0.1797662,0.003528559,50.94606,"torotoro & megarhyncha H"
"717","mega_wellsi","ochr","toro_flav",34080,44895,-0.1369421,-0.1369421,0.004306562,31.79847,"torotoro & megarhyncha W"
"725","mega_mega","mega_sella","toro_flav",110001,193300,-0.2746414,-0.2746414,0.00259627,105.7831,"torotoro & megarhyncha C"
"726","mega_mega","mega_sella","toro_flav",125900,137336,-0.04344391,-0.04344391,0.002410875,18.01997,"torotoro & megarhyncha C"
"727","mega_sella","mega_sella","toro_flav",128032,137572,-0.03591813,-0.03591813,0.002281227,15.74509,"torotoro & megarhyncha H"
"728","mega_mega","mega_sella","toro_flav",122848,130216,-0.02911516,-0.02911516,0.00247085,11.78346,"torotoro & megarhyncha C"
"729","mega_mega","mega_sella","toro_flav",132201,141192,-0.03288672,-0.03288672,0.002314392,14.20966,"torotoro & megarhyncha C"
"730","mega_sella","mega_sella","toro_flav",121665,120431,0.005097152,0.005097152,0.002477484,2.05739,"torotoro & megarhyncha H"
"732","ochr","mega_sella","toro_flav",76284,51742,0.1916954,0.1916954,0.003576798,53.59415,"torotoro & megarhyncha H"
"740","mega_mega","mega_wellsi","toro_flav",73479,128127,-0.2710634,-0.2710634,0.002882239,94.04609,"torotoro & megarhyncha C"
"741","mega_mega","mega_wellsi","toro_flav",80930,94137,-0.07543969,-0.07543969,0.002901453,26.00066,"torotoro & megarhyncha C"
"743","mega_mega","mega_wellsi","toro_flav",81994,92223,-0.05871413,-0.05871413,0.002836191,20.70176,"torotoro & megarhyncha C"
"744","mega_mega","mega_wellsi","toro_flav",87978,100367,-0.06577823,-0.06577823,0.002703219,24.3333,"torotoro & megarhyncha C"
"746","mega_wellsi","mega_wellsi","toro_flav",47801,48819,-0.01053612,-0.01053612,0.003734542,2.821262,"torotoro & megarhyncha W"
"747","ochr","mega_wellsi","toro_flav",49725,38207,0.1309876,0.1309876,0.003908078,33.51713,"torotoro & megarhyncha W"
"756","mega_mega","mega_wellsi","toro_flav",72134,126044,-0.2720282,-0.2720282,0.002807542,96.89194,"torotoro & megarhyncha C"
"757","mega_mega","mega_wellsi","toro_flav",79029,92658,-0.07938283,-0.07938283,0.003033983,26.16456,"torotoro & megarhyncha C"
"759","mega_mega","mega_wellsi","toro_flav",80575,91223,-0.06197977,-0.06197977,0.002934147,21.12361,"torotoro & megarhyncha C"
"760","mega_mega","mega_wellsi","toro_flav",86293,98917,-0.06816047,-0.06816047,0.002882343,23.64759,"torotoro & megarhyncha C"
"762","mega_wellsi","mega_wellsi","toro_flav",47767,48878,-0.01149568,-0.01149568,0.003694326,3.111713,"torotoro & megarhyncha W"
"763","ochr","mega_wellsi","toro_flav",48798,38383,0.1194641,0.1194641,0.004164332,28.68746,"torotoro & megarhyncha W"
"765","mega_wellsi","mega_wellsi","toro_flav",53347,53587,-0.002244375,-0.002244375,0.003539514,0.6340914,"torotoro & megarhyncha W"
"801","mega_mega","mega_mega","toro_meek",181222,170754,0.02974066,0.02974066,0.001922243,15.47186,"torotoro & megarhyncha C"
"809","mega_mega","mega_sella","toro_meek",194640,178873,0.04221272,0.04221272,0.002206043,19.13504,"torotoro & megarhyncha C"
"810","mega_mega","mega_sella","toro_meek",181330,177316,0.01119209,0.01119209,0.00224539,4.984477,"torotoro & megarhyncha C"
"818","mega_mega","mega_mega","toro_meek",180935,171868,0.02569989,0.02569989,0.002214232,11.60668,"torotoro & megarhyncha C"
"819","mega_mega","mega_mega","toro_meek",169037,170142,-0.003257867,-0.003257867,0.002322444,1.402775,"torotoro & megarhyncha C"
"820","mega_sella","mega_mega","toro_meek",170237,176118,-0.01697969,-0.01697969,0.001919153,8.847492,"torotoro & megarhyncha H"
"828","mega_mega","mega_mega","toro_meek",198804,184819,0.03645506,0.03645506,0.001934579,18.84392,"torotoro & megarhyncha C"
"829","mega_mega","mega_mega","toro_meek",185468,183121,0.006367526,0.006367526,0.00194892,3.267207,"torotoro & megarhyncha C"
"830","mega_sella","mega_mega","toro_meek",182383,184134,-0.004777405,-0.004777405,0.002139953,2.232481,"torotoro & megarhyncha H"
"831","mega_mega","mega_mega","toro_meek",181737,177162,0.01274732,0.01274732,0.002227459,5.722807,"torotoro & megarhyncha C"
"839","mega_mega","mega_sella","toro_meek",199219,188700,0.02711649,0.02711649,0.002232829,12.14445,"torotoro & megarhyncha C"
"840","mega_mega","mega_sella","toro_meek",185902,186939,-0.002781346,-0.002781346,0.002228867,1.247874,"torotoro & megarhyncha C"
"841","mega_sella","mega_sella","toro_meek",190763,196043,-0.01365025,-0.01365025,0.002611007,5.227965,"torotoro & megarhyncha H"
"842","mega_mega","mega_sella","toro_meek",184102,183389,0.001940184,0.001940184,0.002670108,0.7266311,"torotoro & megarhyncha C"
"843","mega_mega","mega_sella","toro_meek",196141,199201,-0.007740134,-0.007740134,0.002209673,3.502841,"torotoro & megarhyncha C"
"851","mega_mega","mega_wellsi","toro_meek",99437,96728,0.0138098,0.0138098,0.0032283,4.277732,"torotoro & megarhyncha C"
"852","mega_mega","mega_wellsi","toro_meek",92489,95657,-0.01683799,-0.01683799,0.003219867,5.229405,"torotoro & megarhyncha C"
"854","mega_mega","mega_wellsi","toro_meek",93038,94778,-0.009264386,-0.009264386,0.003094147,2.994165,"torotoro & megarhyncha C"
"855","mega_mega","mega_wellsi","toro_meek",100128,105288,-0.02511976,-0.02511976,0.003158795,7.952322,"torotoro & megarhyncha C"
"864","mega_mega","ochr","toro_meek",85505,95482,-0.05512551,-0.05512551,0.003042911,18.11604,"torotoro & megarhyncha C"
"865","mega_mega","ochr","toro_meek",80181,95089,-0.08505734,-0.08505734,0.00301302,28.22993,"torotoro & megarhyncha C"
"866","mega_sella","ochr","toro_meek",81910,100328,-0.1010656,-0.1010656,0.002807089,36.00371,"torotoro & megarhyncha H"
"867","mega_mega","ochr","toro_meek",79009,92117,-0.07659853,-0.07659853,0.002870021,26.68919,"torotoro & megarhyncha C"
"868","mega_mega","ochr","toro_meek",85251,102376,-0.09127151,-0.09127151,0.002950389,30.93542,"torotoro & megarhyncha C"
"869","mega_sella","ochr","toro_meek",84635,100797,-0.08715863,-0.08715863,0.003369902,25.86385,"torotoro & megarhyncha H"
"870","mega_wellsi","ochr","toro_meek",45293,51516,-0.06428121,-0.06428121,0.004012334,16.0209,"torotoro & megarhyncha W"
"878","mega_mega","mega_sella","toro_meek",179695,162305,0.05084795,0.05084795,0.00229027,22.20173,"torotoro & megarhyncha C"
"879","mega_mega","mega_sella","toro_meek",168340,160749,0.02306671,0.02306671,0.002277143,10.12967,"torotoro & megarhyncha C"
"880","mega_sella","mega_sella","toro_meek",170830,166140,0.01391815,0.01391815,0.001974005,7.050719,"torotoro & megarhyncha H"
"881","mega_mega","mega_sella","toro_meek",164175,155748,0.02634071,0.02634071,0.002027451,12.99203,"torotoro & megarhyncha C"
"882","mega_mega","mega_sella","toro_meek",177311,171452,0.01679937,0.01679937,0.002210142,7.601037,"torotoro & megarhyncha C"
"883","mega_sella","mega_sella","toro_meek",159441,150361,0.02930904,0.02930904,0.002891875,10.13496,"torotoro & megarhyncha H"
"885","ochr","mega_sella","toro_meek",90428,72969,0.1068502,0.1068502,0.003008817,35.51236,"torotoro & megarhyncha H"
"893","mega_mega","mega_wellsi","toro_meek",110802,111114,-0.001405937,-0.001405937,0.003196362,0.4398555,"torotoro & megarhyncha C"
"894","mega_mega","mega_wellsi","toro_meek",102457,109381,-0.03268535,-0.03268535,0.00317846,10.28339,"torotoro & megarhyncha C"
"896","mega_mega","mega_wellsi","toro_meek",103362,108686,-0.02510752,-0.02510752,0.002945413,8.524278,"torotoro & megarhyncha C"
"897","mega_mega","mega_wellsi","toro_meek",111720,120523,-0.03790426,-0.03790426,0.003112733,12.17717,"torotoro & megarhyncha C"
"899","mega_wellsi","mega_wellsi","toro_meek",56116,58000,-0.01650952,-0.01650952,0.003677635,4.489167,"torotoro & megarhyncha W"
"900","ochr","mega_wellsi","toro_meek",56682,51520,0.04770707,0.04770707,0.003705409,12.87498,"torotoro & megarhyncha W"
"909","mega_mega","mega_wellsi","toro_meek",107062,110061,-0.01381245,-0.01381245,0.002999119,4.605502,"torotoro & megarhyncha C"
"910","mega_mega","mega_wellsi","toro_meek",98988,108044,-0.04374203,-0.04374203,0.003069967,14.24837,"torotoro & megarhyncha C"
"912","mega_mega","mega_wellsi","toro_meek",100532,108096,-0.03625592,-0.03625592,0.00312375,11.60654,"torotoro & megarhyncha C"
"913","mega_mega","mega_wellsi","toro_meek",107890,119402,-0.05064851,-0.05064851,0.00296559,17.07873,"torotoro & megarhyncha C"
"915","mega_wellsi","mega_wellsi","toro_meek",55836,58744,-0.02537965,-0.02537965,0.0038927,6.519806,"torotoro & megarhyncha W"
"916","ochr","mega_wellsi","toro_meek",55464,51505,0.03701072,0.03701072,0.003875084,9.550946,"torotoro & megarhyncha W"
"918","mega_wellsi","mega_wellsi","toro_meek",62674,64215,-0.01214447,-0.01214447,0.003622124,3.35286,"torotoro & megarhyncha W"
"954","mega_mega","mega_mega","toro_flav",161630,155423,0.01957717,0.01957717,0.002240448,8.738059,"torotoro & megarhyncha C"
"962","mega_mega","mega_sella","toro_flav",170941,163598,0.02194961,0.02194961,0.002604021,8.429123,"torotoro & megarhyncha C"
"963","mega_mega","mega_sella","toro_flav",161490,159934,0.004840958,0.004840958,0.002553179,1.896051,"torotoro & megarhyncha C"
"971","mega_mega","mega_mega","toro_flav",160265,156500,0.01188578,0.01188578,0.002585192,4.59764,"torotoro & megarhyncha C"
"972","mega_mega","mega_mega","toro_flav",150691,152407,-0.005661535,-0.005661535,0.002549629,2.220533,"torotoro & megarhyncha C"
"973","mega_sella","mega_mega","toro_flav",152460,155748,-0.01066812,-0.01066812,0.00235078,4.538119,"torotoro & megarhyncha H"
"981","mega_mega","mega_mega","toro_flav",172974,169109,0.01129843,0.01129843,0.002448881,4.61371,"torotoro & megarhyncha C"
"982","mega_mega","mega_mega","toro_flav",163278,165211,-0.00588452,-0.00588452,0.002322959,2.5332,"torotoro & megarhyncha C"
"983","mega_sella","mega_mega","toro_flav",160905,164402,-0.01074985,-0.01074985,0.002574767,4.175075,"torotoro & megarhyncha H"
"984","mega_mega","mega_mega","toro_flav",158873,159458,-0.00183771,-0.00183771,0.002630454,0.6986284,"torotoro & megarhyncha C"
"992","mega_mega","mega_sella","toro_flav",166615,175800,-0.02682418,-0.02682418,0.002744249,9.774686,"torotoro & megarhyncha C"
"993","mega_mega","mega_sella","toro_flav",156548,171661,-0.04604688,-0.04604688,0.002622991,17.55511,"torotoro & megarhyncha C"
"994","mega_sella","mega_sella","toro_flav",160096,178158,-0.05339774,-0.05339774,0.003001091,17.79278,"torotoro & megarhyncha H"
"995","mega_mega","mega_sella","toro_flav",154369,167730,-0.04148104,-0.04148104,0.003023274,13.72057,"torotoro & megarhyncha C"
"996","mega_mega","mega_sella","toro_flav",164845,179791,-0.04336749,-0.04336749,0.002704195,16.03712,"torotoro & megarhyncha C"
"1004","mega_mega","mega_wellsi","toro_flav",90946,88636,0.0128632,0.0128632,0.003481884,3.694323,"torotoro & megarhyncha C"
"1005","mega_mega","mega_wellsi","toro_flav",84967,86535,-0.009142751,-0.009142751,0.003470135,2.634696,"torotoro & megarhyncha C"
"1007","mega_mega","mega_wellsi","toro_flav",85731,85615,0.0006769928,0.0006769928,0.003338876,0.2027607,"torotoro & megarhyncha C"
"1008","mega_mega","mega_wellsi","toro_flav",92754,92942,-0.001012407,-0.001012407,0.003521199,0.2875178,"torotoro & megarhyncha C"
"1017","mega_mega","ochr","toro_flav",71903,89115,-0.1068949,-0.1068949,0.003304116,32.35204,"torotoro & megarhyncha C"
"1018","mega_mega","ochr","toro_flav",67582,87213,-0.1268193,-0.1268193,0.003334164,38.03632,"torotoro & megarhyncha C"
"1019","mega_sella","ochr","toro_flav",69589,91345,-0.1351859,-0.1351859,0.003023036,44.71858,"torotoro & megarhyncha H"
"1020","mega_mega","ochr","toro_flav",66908,84987,-0.119023,-0.119023,0.003188492,37.32894,"torotoro & megarhyncha C"
"1021","mega_mega","ochr","toro_flav",72037,92984,-0.1269354,-0.1269354,0.00319802,39.69186,"torotoro & megarhyncha C"
"1022","mega_sella","ochr","toro_flav",72899,87745,-0.09241553,-0.09241553,0.003685935,25.07248,"torotoro & megarhyncha H"
"1023","mega_wellsi","ochr","toro_flav",39123,48194,-0.1038858,-0.1038858,0.00429172,24.20611,"torotoro & megarhyncha W"
"1031","mega_mega","mega_sella","toro_flav",149566,152403,-0.009395004,-0.009395004,0.002681177,3.50406,"torotoro & megarhyncha C"
"1032","mega_mega","mega_sella","toro_flav",141221,149046,-0.02695794,-0.02695794,0.002621531,10.28328,"torotoro & megarhyncha C"
"1033","mega_sella","mega_sella","toro_flav",142659,152114,-0.03207553,-0.03207553,0.002408603,13.31707,"torotoro & megarhyncha H"
"1034","mega_mega","mega_sella","toro_flav",137096,143421,-0.02254765,-0.02254765,0.002433935,9.263869,"torotoro & megarhyncha C"
"1035","mega_mega","mega_sella","toro_flav",148596,155224,-0.02181555,-0.02181555,0.002644566,8.249197,"torotoro & megarhyncha C"
"1036","mega_sella","mega_sella","toro_flav",136415,130243,0.02314575,0.02314575,0.00327867,7.059494,"torotoro & megarhyncha H"
"1038","ochr","mega_sella","toro_flav",78870,62859,0.1129691,0.1129691,0.003257766,34.67687,"torotoro & megarhyncha H"
"1046","mega_mega","mega_wellsi","toro_flav",102077,100202,0.009269375,0.009269375,0.00340883,2.719225,"torotoro & megarhyncha C"
"1047","mega_mega","mega_wellsi","toro_flav",95625,97302,-0.008692407,-0.008692407,0.00334474,2.598829,"torotoro & megarhyncha C"
"1049","mega_mega","mega_wellsi","toro_flav",96275,96850,-0.002977346,-0.002977346,0.003293496,0.9040079,"torotoro & megarhyncha C"
"1050","mega_mega","mega_wellsi","toro_flav",104017,105032,-0.004855321,-0.004855321,0.003394063,1.430534,"torotoro & megarhyncha C"
"1052","mega_wellsi","mega_wellsi","toro_flav",52705,53196,-0.004636406,-0.004636406,0.00382541,1.212002,"torotoro & megarhyncha W"
"1053","ochr","mega_wellsi","toro_flav",54002,44053,0.1014635,0.1014635,0.004044615,25.08606,"torotoro & megarhyncha W"
"1062","mega_mega","mega_wellsi","toro_flav",98629,100451,-0.0091521,-0.0091521,0.003318333,2.758042,"torotoro & megarhyncha C"
"1063","mega_mega","mega_wellsi","toro_flav",91872,97288,-0.02863185,-0.02863185,0.003225904,8.875604,"torotoro & megarhyncha C"
"1065","mega_mega","mega_wellsi","toro_flav",93091,97059,-0.02086774,-0.02086774,0.003439652,6.066816,"torotoro & megarhyncha C"
"1066","mega_mega","mega_wellsi","toro_flav",100798,104714,-0.01905485,-0.01905485,0.003252564,5.858408,"torotoro & megarhyncha C"
"1068","mega_wellsi","mega_wellsi","toro_flav",52234,54032,-0.01691981,-0.01691981,0.004141701,4.085231,"torotoro & megarhyncha W"
"1069","ochr","mega_wellsi","toro_flav",52352,44194,0.08449858,0.08449858,0.004183306,20.199,"torotoro & megarhyncha W"
"1071","mega_wellsi","mega_wellsi","toro_flav",58324,60211,-0.01591935,-0.01591935,0.003728861,4.269225,"torotoro & megarhyncha W"
"1107","mega_mega","mega_mega","toro_meek",116566,112413,0.01813703,0.01813703,0.002508176,7.231164,"torotoro & megarhyncha C"
"1115","mega_mega","mega_sella","toro_meek",122037,117575,0.01862177,0.01862177,0.0028057,6.637121,"torotoro & megarhyncha C"
"1116","mega_mega","mega_sella","toro_meek",115020,114956,0.0002782899,0.0002782899,0.002839719,0.09799911,"torotoro & megarhyncha C"
"1124","mega_mega","mega_mega","toro_meek",115697,113348,0.01025563,0.01025563,0.002849303,3.599346,"torotoro & megarhyncha C"
"1125","mega_mega","mega_mega","toro_meek",108493,110109,-0.00739243,-0.00739243,0.002867656,2.577865,"torotoro & megarhyncha C"
"1126","mega_sella","mega_mega","toro_meek",109327,111280,-0.008852847,-0.008852847,0.002693987,3.28615,"torotoro & megarhyncha H"
"1134","mega_mega","mega_mega","toro_meek",123955,122186,0.007186938,0.007186938,0.002657362,2.704538,"torotoro & megarhyncha C"
"1135","mega_mega","mega_mega","toro_meek",116735,118788,-0.008716771,-0.008716771,0.002608109,3.34218,"torotoro & megarhyncha C"
"1136","mega_sella","mega_mega","toro_meek",114317,116593,-0.009856654,-0.009856654,0.002977984,3.309841,"torotoro & megarhyncha H"
"1137","mega_mega","mega_mega","toro_meek",113561,113928,-0.001613265,-0.001613265,0.002961927,0.5446672,"torotoro & megarhyncha C"
"1145","mega_mega","mega_sella","toro_meek",119731,126587,-0.02783394,-0.02783394,0.003106326,8.960406,"torotoro & megarhyncha C"
"1146","mega_mega","mega_sella","toro_meek",112539,123238,-0.04537762,-0.04537762,0.003034867,14.9521,"torotoro & megarhyncha C"
"1147","mega_sella","mega_sella","toro_meek",114919,126521,-0.04805335,-0.04805335,0.003304315,14.54261,"torotoro & megarhyncha H"
"1148","mega_mega","mega_sella","toro_meek",111083,120089,-0.03895801,-0.03895801,0.003326146,11.71265,"torotoro & megarhyncha C"
"1149","mega_mega","mega_sella","toro_meek",118463,127743,-0.03769201,-0.03769201,0.003088813,12.20275,"torotoro & megarhyncha C"
"1157","mega_mega","mega_wellsi","toro_meek",68147,66293,0.01379054,0.01379054,0.003731578,3.695632,"torotoro & megarhyncha C"
"1158","mega_mega","mega_wellsi","toro_meek",64039,64662,-0.004840677,-0.004840677,0.003735103,1.295996,"torotoro & megarhyncha C"
"1160","mega_mega","mega_wellsi","toro_meek",64056,63886,0.001328727,0.001328727,0.003723595,0.3568398,"torotoro & megarhyncha C"
"1161","mega_mega","mega_wellsi","toro_meek",69085,68550,0.003887093,0.003887093,0.003806137,1.02127,"torotoro & megarhyncha C"
"1170","mega_mega","ochr","toro_meek",52447,65718,-0.1123091,-0.1123091,0.003661424,30.6736,"torotoro & megarhyncha C"
"1171","mega_mega","ochr","toro_meek",49710,63817,-0.1242612,-0.1242612,0.003719288,33.40994,"torotoro & megarhyncha C"
"1172","mega_sella","ochr","toro_meek",50484,66158,-0.134377,-0.134377,0.003535095,38.01227,"torotoro & megarhyncha H"
"1173","mega_mega","ochr","toro_meek",48720,61735,-0.1178308,-0.1178308,0.003540693,33.27902,"torotoro & megarhyncha C"
"1174","mega_mega","ochr","toro_meek",52190,67137,-0.1252608,-0.1252608,0.003685518,33.98731,"torotoro & megarhyncha C"
"1175","mega_sella","ochr","toro_meek",53101,64587,-0.09759704,-0.09759704,0.004012921,24.3207,"torotoro & megarhyncha H"
"1176","mega_wellsi","ochr","toro_meek",29659,36906,-0.108871,-0.108871,0.004774107,22.80448,"torotoro & megarhyncha W"
"1184","mega_mega","mega_sella","toro_meek",106358,109796,-0.01590533,-0.01590533,0.002913631,5.458937,"torotoro & megarhyncha C"
"1185","mega_mega","mega_sella","toro_meek",100281,107256,-0.03360846,-0.03360846,0.002898297,11.59593,"torotoro & megarhyncha C"
"1186","mega_sella","mega_sella","toro_meek",101081,108670,-0.036181,-0.036181,0.002732275,13.24208,"torotoro & megarhyncha H"
"1187","mega_mega","mega_sella","toro_meek",97452,102999,-0.0276726,-0.0276726,0.002827896,9.785579,"torotoro & megarhyncha C"
"1188","mega_mega","mega_sella","toro_meek",105129,110585,-0.02529275,-0.02529275,0.002958833,8.548218,"torotoro & megarhyncha C"
"1189","mega_sella","mega_sella","toro_meek",96736,93743,0.01571302,0.01571302,0.003614443,4.347286,"torotoro & megarhyncha H"
"1191","ochr","mega_sella","toro_meek",57024,46057,0.1063921,0.1063921,0.003660019,29.06872,"torotoro & megarhyncha H"
"1199","mega_mega","mega_wellsi","toro_meek",75275,74566,0.004731682,0.004731682,0.00361851,1.307633,"torotoro & megarhyncha C"
"1200","mega_mega","mega_wellsi","toro_meek",69965,72330,-0.0166204,-0.0166204,0.003636564,4.570359,"torotoro & megarhyncha C"
"1202","mega_mega","mega_wellsi","toro_meek",70309,71781,-0.01035963,-0.01035963,0.003600482,2.87729,"torotoro & megarhyncha C"
"1203","mega_mega","mega_wellsi","toro_meek",75854,76762,-0.005949573,-0.005949573,0.00361949,1.64376,"torotoro & megarhyncha C"
"1205","mega_wellsi","mega_wellsi","toro_meek",40099,41261,-0.0142822,-0.0142822,0.004261838,3.351184,"torotoro & megarhyncha W"
"1206","ochr","mega_wellsi","toro_meek",40428,32904,0.1026019,0.1026019,0.004421065,23.2075,"torotoro & megarhyncha W"
"1215","mega_mega","mega_wellsi","toro_meek",72584,74505,-0.01306012,-0.01306012,0.003585921,3.642055,"torotoro & megarhyncha C"
"1216","mega_mega","mega_wellsi","toro_meek",67792,71931,-0.0296229,-0.0296229,0.00346667,8.545057,"torotoro & megarhyncha C"
"1218","mega_mega","mega_wellsi","toro_meek",68606,71657,-0.02175199,-0.02175199,0.003666022,5.933405,"torotoro & megarhyncha C"
"1219","mega_mega","mega_wellsi","toro_meek",73775,76169,-0.01596596,-0.01596596,0.003522502,4.532562,"torotoro & megarhyncha C"
"1221","mega_wellsi","mega_wellsi","toro_meek",39788,41651,-0.02287602,-0.02287602,0.004306596,5.311855,"torotoro & megarhyncha W"
"1222","ochr","mega_wellsi","toro_meek",39701,33469,0.08517152,0.08517152,0.004670043,18.23785,"torotoro & megarhyncha W"
"1224","mega_wellsi","mega_wellsi","toro_meek",44079,45410,-0.01487334,-0.01487334,0.004115022,3.614401,"torotoro & megarhyncha W"
"1225","toro_tent","toro_meek","mega_mega",104152,88711,0.08006201,0.08006201,0.00282124,28.37831,"torotoro & megarhyncha C"
"1226","toro_tent","toro_flav","mega_mega",84955,81300,0.0219843,0.0219843,0.003510898,6.261731,"torotoro & megarhyncha C"
"1227","toro_meek","toro_flav","mega_mega",59019,65750,-0.0539477,-0.0539477,0.003567072,15.1238,"torotoro & megarhyncha C"
"1228","toro_tent","toro_toro","mega_mega",172612,180293,-0.02176506,-0.02176506,0.002270191,9.587326,"torotoro & megarhyncha C"
"1229","toro_meek","toro_toro","mega_mega",123876,142515,-0.06996858,-0.06996858,0.002400547,29.14694,"torotoro & megarhyncha C"
"1230","toro_flav","toro_toro","mega_mega",110426,116584,-0.02712656,-0.02712656,0.002935424,9.241103,"torotoro & megarhyncha C"
"1231","toro_tent","toro_flav","mega_mega",231411,93151,0.4259895,0.4259895,0.002848511,149.5481,"torotoro & megarhyncha C"
"1232","toro_meek","toro_flav","mega_mega",169971,75528,0.3846981,0.3846981,0.003082582,124.7974,"torotoro & megarhyncha C"
"1233","toro_flav","toro_flav","mega_mega",148582,61506,0.4144739,0.4144739,0.0031594,131.1875,"torotoro & megarhyncha C"
"1234","toro_toro","toro_flav","mega_mega",239285,112301,0.3611748,0.3611748,0.002479554,145.6612,"torotoro & megarhyncha C"
"1235","toro_tent","toro_meek","mega_mega",227700,228841,-0.002499228,-0.002499228,0.002183468,1.144614,"torotoro & megarhyncha C"
"1236","toro_meek","toro_meek","mega_mega",162408,179583,-0.05022062,-0.05022062,0.002309121,21.74881,"torotoro & megarhyncha C"
"1237","toro_flav","toro_meek","mega_mega",143546,146339,-0.009634855,-0.009634855,0.002704618,3.562372,"torotoro & megarhyncha C"
"1238","toro_toro","toro_meek","mega_mega",179171,171077,0.02310934,0.02310934,0.002066395,11.18341,"torotoro & megarhyncha C"
"1239","toro_flav","toro_meek","mega_mega",145454,309276,-0.3602621,-0.3602621,0.00228624,157.5785,"torotoro & megarhyncha C"
"1240","toro_tent","toro_flav","mega_mega",86107,86422,-0.00182578,-0.00182578,0.002842534,0.6423071,"torotoro & megarhyncha C"
"1241","toro_meek","toro_flav","mega_mega",88965,103805,-0.07698293,-0.07698293,0.002813086,27.36601,"torotoro & megarhyncha C"
"1242","toro_flav","toro_flav","mega_mega",80828,85255,-0.02665535,-0.02665535,0.003380959,7.883961,"torotoro & megarhyncha C"
"1243","toro_toro","toro_flav","mega_mega",180084,173241,0.01936744,0.01936744,0.002253306,8.595121,"torotoro & megarhyncha C"
"1244","toro_flav","toro_flav","mega_mega",93210,231405,-0.4257197,-0.4257197,0.002837087,150.0552,"torotoro & megarhyncha C"
"1245","toro_meek","toro_flav","mega_mega",228112,227645,0.001024669,0.001024669,0.00215248,0.4760411,"torotoro & megarhyncha C"
"1246","toro_tent","toro_meek","mega_mega",95564,85099,0.05792553,0.05792553,0.00299276,19.35522,"torotoro & megarhyncha C"
"1247","toro_meek","toro_meek","mega_mega",43198,45660,-0.02770713,-0.02770713,0.003760278,7.368372,"torotoro & megarhyncha C"
"1248","toro_flav","toro_meek","mega_mega",60607,56729,0.03305039,0.03305039,0.003693382,8.948541,"torotoro & megarhyncha C"
"1249","toro_toro","toro_meek","mega_mega",129803,118020,0.04754603,0.04754603,0.002563136,18.54994,"torotoro & megarhyncha C"
"1250","toro_flav","toro_meek","mega_mega",69893,158632,-0.388312,-0.388312,0.003031704,128.0838,"torotoro & megarhyncha C"
"1251","toro_meek","toro_meek","mega_mega",163129,153299,0.03106552,0.03106552,0.002398014,12.95469,"torotoro & megarhyncha C"
"1252","toro_flav","toro_meek","mega_mega",95112,85618,0.0525314,0.0525314,0.002961682,17.73701,"torotoro & megarhyncha C"
"1378","toro_tent","toro_meek","mega_mega",101478,86986,0.07689532,0.07689532,0.002920855,26.32631,"torotoro & megarhyncha C"
"1379","toro_tent","toro_flav","mega_mega",81751,79139,0.01623469,0.01623469,0.003457027,4.696143,"torotoro & megarhyncha C"
"1380","toro_meek","toro_flav","mega_mega",56588,63552,-0.05796571,-0.05796571,0.003544725,16.35267,"torotoro & megarhyncha C"
"1381","toro_tent","toro_toro","mega_mega",168547,175497,-0.0202009,-0.0202009,0.002218799,9.104432,"torotoro & megarhyncha C"
"1382","toro_meek","toro_toro","mega_mega",121556,138452,-0.06498262,-0.06498262,0.002471515,26.29262,"torotoro & megarhyncha C"
"1383","toro_flav","toro_toro","mega_mega",108090,112310,-0.01914701,-0.01914701,0.002941507,6.50925,"torotoro & megarhyncha C"
"1384","toro_tent","toro_flav","mega_mega",170177,111294,0.2091974,0.2091974,0.00373037,56.07953,"torotoro & megarhyncha C"
"1385","toro_meek","toro_flav","mega_mega",122816,88679,0.1614081,0.1614081,0.004040854,39.94405,"torotoro & megarhyncha C"
"1386","toro_flav","toro_flav","mega_mega",107970,71757,0.2014889,0.2014889,0.004188959,48.1,"torotoro & megarhyncha C"
"1387","toro_toro","toro_flav","mega_mega",182642,126035,0.1833859,0.1833859,0.003002678,61.0741,"torotoro & megarhyncha C"
"1388","toro_tent","toro_meek","mega_mega",223832,221847,0.004453878,0.004453878,0.002160308,2.061687,"torotoro & megarhyncha C"
"1389","toro_meek","toro_meek","mega_mega",160109,173716,-0.04076088,-0.04076088,0.00235709,17.29288,"torotoro & megarhyncha C"
"1390","toro_flav","toro_meek","mega_mega",140437,140885,-0.001592481,-0.001592481,0.002774178,0.5740371,"torotoro & megarhyncha C"
"1391","toro_toro","toro_meek","mega_mega",176953,167084,0.02868587,0.02868587,0.002030807,14.12535,"torotoro & megarhyncha C"
"1392","toro_flav","toro_meek","mega_mega",165433,232281,-0.1680806,-0.1680806,0.002907174,57.8158,"torotoro & megarhyncha C"
"1393","toro_tent","toro_flav","mega_mega",83796,84360,-0.003354028,-0.003354028,0.002793324,1.20073,"torotoro & megarhyncha C"
"1394","toro_meek","toro_flav","mega_mega",86962,100969,-0.07453267,-0.07453267,0.002914502,25.57304,"torotoro & megarhyncha C"
"1395","toro_flav","toro_flav","mega_mega",78651,81969,-0.02065745,-0.02065745,0.003378808,6.113828,"torotoro & megarhyncha C"
"1396","toro_toro","toro_flav","mega_mega",175336,169836,0.01593409,0.01593409,0.00216952,7.344522,"torotoro & megarhyncha C"
"1397","toro_flav","toro_flav","mega_mega",110921,169636,-0.2092801,-0.2092801,0.003642679,57.45225,"torotoro & megarhyncha C"
"1398","toro_meek","toro_flav","mega_mega",221365,223905,-0.005704404,-0.005704404,0.002078387,2.744631,"torotoro & megarhyncha C"
"1399","toro_tent","toro_meek","mega_mega",92655,83492,0.05201905,0.05201905,0.003046322,17.07602,"torotoro & megarhyncha C"
"1400","toro_meek","toro_meek","mega_mega",41558,44517,-0.034377,-0.034377,0.003868868,8.885543,"torotoro & megarhyncha C"
"1401","toro_flav","toro_meek","mega_mega",58456,54317,0.03670205,0.03670205,0.003666425,10.01031,"torotoro & megarhyncha C"
"1402","toro_toro","toro_meek","mega_mega",126822,115679,0.04595033,0.04595033,0.002585877,17.76973,"torotoro & megarhyncha C"
"1403","toro_flav","toro_meek","mega_mega",81520,115604,-0.1729064,-0.1729064,0.003962456,43.63616,"torotoro & megarhyncha C"
"1404","toro_meek","toro_meek","mega_mega",158118,151063,0.02281835,0.02281835,0.002422813,9.418124,"torotoro & megarhyncha C"
"1405","toro_flav","toro_meek","mega_mega",92343,83390,0.05094661,0.05094661,0.003125393,16.30086,"torotoro & megarhyncha C"
"1531","toro_tent","toro_meek","mega_sella",105454,91598,0.07031646,0.07031646,0.002918283,24.09515,"torotoro & megarhyncha H"
"1532","toro_tent","toro_flav","mega_sella",86205,83982,0.0130621,0.0130621,0.003458577,3.776727,"torotoro & megarhyncha H"
"1533","toro_meek","toro_flav","mega_sella",59551,66307,-0.05367954,-0.05367954,0.003506381,15.3091,"torotoro & megarhyncha H"
"1534","toro_tent","toro_toro","mega_sella",177146,184565,-0.02051085,-0.02051085,0.002255827,9.092385,"torotoro & megarhyncha H"
"1535","toro_meek","toro_toro","mega_sella",127439,144595,-0.06306565,-0.06306565,0.00241885,26.07257,"torotoro & megarhyncha H"
"1536","toro_flav","toro_toro","mega_sella",113665,118303,-0.01999414,-0.01999414,0.00292516,6.835229,"torotoro & megarhyncha H"
"1537","toro_tent","toro_flav","mega_sella",177521,117770,0.2023462,0.2023462,0.003774289,53.61173,"torotoro & megarhyncha H"
"1538","toro_meek","toro_flav","mega_sella",126898,92885,0.1547572,0.1547572,0.004136667,37.41108,"torotoro & megarhyncha H"
"1539","toro_flav","toro_flav","mega_sella",112750,76081,0.1941895,0.1941895,0.004153564,46.75251,"torotoro & megarhyncha H"
"1540","toro_toro","toro_flav","mega_sella",189989,133002,0.1764353,0.1764353,0.003113283,56.67178,"torotoro & megarhyncha H"
"1541","toro_tent","toro_meek","mega_sella",238654,233978,0.009893532,0.009893532,0.00210919,4.690678,"torotoro & megarhyncha H"
"1542","toro_meek","toro_meek","mega_sella",170418,181057,-0.03026958,-0.03026958,0.002408628,12.56714,"torotoro & megarhyncha H"
"1543","toro_flav","toro_meek","mega_sella",150856,148277,0.008621583,0.008621583,0.002756911,3.127262,"torotoro & megarhyncha H"
"1544","toro_toro","toro_meek","mega_sella",188403,174695,0.03775289,0.03775289,0.002003836,18.84031,"torotoro & megarhyncha H"
"1545","toro_flav","toro_meek","mega_sella",177584,242445,-0.1544203,-0.1544203,0.002962253,52.12934,"torotoro & megarhyncha H"
"1546","toro_tent","toro_flav","mega_sella",88561,88732,-0.0009645051,-0.0009645051,0.002844418,0.3390869,"torotoro & megarhyncha H"
"1547","toro_meek","toro_flav","mega_sella",91227,105092,-0.07062485,-0.07062485,0.002904608,24.31476,"torotoro & megarhyncha H"
"1548","toro_flav","toro_flav","mega_sella",83644,85915,-0.01339357,-0.01339357,0.003306105,4.051162,"torotoro & megarhyncha H"
"1549","toro_toro","toro_flav","mega_sella",184827,177731,0.01957204,0.01957204,0.002235029,8.75695,"torotoro & megarhyncha H"
"1550","toro_flav","toro_flav","mega_sella",117275,176469,-0.2015156,-0.2015156,0.003772184,53.42147,"torotoro & megarhyncha H"
"1551","toro_meek","toro_flav","mega_sella",233346,238247,-0.01039244,-0.01039244,0.002126707,4.886632,"torotoro & megarhyncha H"
"1552","toro_tent","toro_meek","mega_sella",96397,87864,0.04630931,0.04630931,0.003033087,15.26805,"torotoro & megarhyncha H"
"1553","toro_meek","toro_meek","mega_sella",42859,45798,-0.03315023,-0.03315023,0.003668858,9.035573,"torotoro & megarhyncha H"
"1554","toro_flav","toro_meek","mega_sella",61541,57126,0.03720495,0.03720495,0.003541982,10.50399,"torotoro & megarhyncha H"
"1555","toro_toro","toro_meek","mega_sella",131493,121099,0.04114936,0.04114936,0.002495169,16.49161,"torotoro & megarhyncha H"
"1556","toro_flav","toro_meek","mega_sella",85382,119455,-0.166342,-0.166342,0.004067932,40.89105,"torotoro & megarhyncha H"
"1557","toro_meek","toro_meek","mega_sella",164877,160436,0.01365147,0.01365147,0.002518908,5.419597,"torotoro & megarhyncha H"
"1558","toro_flav","toro_meek","mega_sella",95969,87602,0.04557909,0.04557909,0.003106532,14.67202,"torotoro & megarhyncha H"
"1684","toro_tent","toro_meek","mega_mega",99652,86150,0.07266875,0.07266875,0.002982718,24.36327,"torotoro & megarhyncha C"
"1685","toro_tent","toro_flav","mega_mega",81763,79266,0.01550652,0.01550652,0.00340853,4.549329,"torotoro & megarhyncha C"
"1686","toro_meek","toro_flav","mega_mega",56370,62790,-0.05387714,-0.05387714,0.003658057,14.72835,"torotoro & megarhyncha C"
"1687","toro_tent","toro_toro","mega_mega",166079,172953,-0.02027537,-0.02027537,0.002325011,8.720551,"torotoro & megarhyncha C"
"1688","toro_meek","toro_toro","mega_mega",119055,136260,-0.06738735,-0.06738735,0.002462286,27.36779,"torotoro & megarhyncha C"
"1689","toro_flav","toro_toro","mega_mega",106799,111289,-0.02058802,-0.02058802,0.002881584,7.144689,"torotoro & megarhyncha C"
"1690","toro_tent","toro_flav","mega_mega",166320,110608,0.2011786,0.2011786,0.003857939,52.14666,"torotoro & megarhyncha C"
"1691","toro_meek","toro_flav","mega_mega",119294,87704,0.1526102,0.1526102,0.004205011,36.29245,"torotoro & megarhyncha C"
"1692","toro_flav","toro_flav","mega_mega",106245,71733,0.1939116,0.1939116,0.004176446,46.42981,"torotoro & megarhyncha C"
"1693","toro_toro","toro_flav","mega_mega",178107,124224,0.1782252,0.1782252,0.003154606,56.49681,"torotoro & megarhyncha C"
"1694","toro_tent","toro_meek","mega_mega",222034,219695,0.005295102,0.005295102,0.002198879,2.408091,"torotoro & megarhyncha C"
"1695","toro_meek","toro_meek","mega_mega",158147,171165,-0.0395309,-0.0395309,0.002417179,16.35415,"torotoro & megarhyncha C"
"1696","toro_flav","toro_meek","mega_mega",140353,139443,0.00325237,0.00325237,0.002742824,1.185774,"torotoro & megarhyncha C"
"1697","toro_toro","toro_meek","mega_mega",174281,163790,0.03103194,0.03103194,0.002082668,14.90009,"torotoro & megarhyncha C"
"1698","toro_flav","toro_meek","mega_mega",164285,227528,-0.1614112,-0.1614112,0.003072741,52.53003,"torotoro & megarhyncha C"
"1699","toro_tent","toro_flav","mega_mega",83311,84066,-0.004510775,-0.004510775,0.002796773,1.61285,"torotoro & megarhyncha C"
"1700","toro_meek","toro_flav","mega_mega",85787,99538,-0.07419938,-0.07419938,0.003032035,24.47181,"torotoro & megarhyncha C"
"1701","toro_flav","toro_flav","mega_mega",78458,81667,-0.02004059,-0.02004059,0.003323792,6.029436,"torotoro & megarhyncha C"
"1702","toro_toro","toro_flav","mega_mega",172713,166419,0.01855915,0.01855915,0.00228167,8.134016,"torotoro & megarhyncha C"
"1703","toro_flav","toro_flav","mega_mega",110126,165957,-0.2022254,-0.2022254,0.003826101,52.85417,"torotoro & megarhyncha C"
"1704","toro_meek","toro_flav","mega_mega",218248,221181,-0.006674571,-0.006674571,0.002146714,3.109204,"torotoro & megarhyncha C"
"1705","toro_tent","toro_meek","mega_mega",91493,82204,0.05347818,0.05347818,0.003215205,16.6329,"torotoro & megarhyncha C"
"1706","toro_meek","toro_meek","mega_mega",40907,43615,-0.032039,-0.032039,0.003803865,8.422749,"torotoro & megarhyncha C"
"1707","toro_flav","toro_meek","mega_mega",58185,54168,0.03575338,0.03575338,0.003695877,9.673856,"torotoro & megarhyncha C"
"1708","toro_toro","toro_meek","mega_mega",123822,113167,0.04495989,0.04495989,0.002547609,17.64788,"torotoro & megarhyncha C"
"1709","toro_flav","toro_meek","mega_mega",80615,112309,-0.1642823,-0.1642823,0.004115352,39.91939,"torotoro & megarhyncha C"
"1710","toro_meek","toro_meek","mega_mega",155387,148856,0.02146639,0.02146639,0.002584008,8.307401,"torotoro & megarhyncha C"
"1711","toro_flav","toro_meek","mega_mega",91345,82269,0.05227689,0.05227689,0.003163172,16.52673,"torotoro & megarhyncha C"
"1837","toro_tent","toro_meek","mega_mega",108104,94053,0.06950538,0.06950538,0.002922659,23.78156,"torotoro & megarhyncha C"
"1838","toro_tent","toro_flav","mega_mega",88873,85472,0.0195073,0.0195073,0.003407596,5.724651,"torotoro & megarhyncha C"
"1839","toro_meek","toro_flav","mega_mega",60955,67313,-0.04956809,-0.04956809,0.003488867,14.20751,"torotoro & megarhyncha C"
"1840","toro_tent","toro_toro","mega_mega",182970,189516,-0.01757381,-0.01757381,0.002281439,7.702953,"torotoro & megarhyncha C"
"1841","toro_meek","toro_toro","mega_mega",131304,147815,-0.05915398,-0.05915398,0.00247599,23.89104,"torotoro & megarhyncha C"
"1842","toro_flav","toro_toro","mega_mega",116743,121002,-0.01791415,-0.01791415,0.002789987,6.420872,"torotoro & megarhyncha C"
"1843","toro_tent","toro_flav","mega_mega",183108,120235,0.207267,0.207267,0.003689935,56.17092,"torotoro & megarhyncha C"
"1844","toro_meek","toro_flav","mega_mega",130773,94773,0.1596127,0.1596127,0.004051143,39.39941,"torotoro & megarhyncha C"
"1845","toro_flav","toro_flav","mega_mega",115686,77197,0.1995458,0.1995458,0.004070523,49.02216,"torotoro & megarhyncha C"
"1846","toro_toro","toro_flav","mega_mega",195363,136347,0.1779144,0.1779144,0.003033863,58.64288,"torotoro & megarhyncha C"
"1847","toro_tent","toro_meek","mega_mega",246027,239851,0.01271101,0.01271101,0.002135614,5.951923,"torotoro & megarhyncha C"
"1848","toro_meek","toro_meek","mega_mega",175346,185048,-0.02692054,-0.02692054,0.002431587,11.07118,"torotoro & megarhyncha C"
"1849","toro_flav","toro_meek","mega_mega",154769,151985,0.009075676,0.009075676,0.002733477,3.320195,"torotoro & megarhyncha C"
"1850","toro_toro","toro_meek","mega_mega",193983,180587,0.03576368,0.03576368,0.001966488,18.18657,"torotoro & megarhyncha C"
"1851","toro_flav","toro_meek","mega_mega",182176,249628,-0.1562098,-0.1562098,0.002970728,52.58298,"torotoro & megarhyncha C"
"1852","toro_tent","toro_flav","mega_mega",90815,91493,-0.003718981,-0.003718981,0.002704719,1.374997,"torotoro & megarhyncha C"
"1853","toro_meek","toro_flav","mega_mega",93684,107398,-0.06820103,-0.06820103,0.00297033,22.96076,"torotoro & megarhyncha C"
"1854","toro_flav","toro_flav","mega_mega",84779,88491,-0.02142321,-0.02142321,0.003294435,6.502849,"torotoro & megarhyncha C"
"1855","toro_toro","toro_flav","mega_mega",188541,183373,0.01389569,0.01389569,0.002230278,6.230472,"torotoro & megarhyncha C"
"1856","toro_flav","toro_flav","mega_mega",119736,182410,-0.2074295,-0.2074295,0.003602833,57.574,"torotoro & megarhyncha C"
"1857","toro_meek","toro_flav","mega_mega",238735,245733,-0.01444471,-0.01444471,0.002128119,6.787547,"torotoro & megarhyncha C"
"1858","toro_tent","toro_meek","mega_mega",98872,89635,0.04900083,0.04900083,0.003072721,15.94705,"torotoro & megarhyncha C"
"1859","toro_meek","toro_meek","mega_mega",44028,47108,-0.03379565,-0.03379565,0.00372701,9.067763,"torotoro & megarhyncha C"
"1860","toro_flav","toro_meek","mega_mega",62308,58270,0.0334887,0.0334887,0.003635615,9.211288,"torotoro & megarhyncha C"
"1861","toro_toro","toro_meek","mega_mega",134793,124510,0.03965631,0.03965631,0.002550963,15.54562,"torotoro & megarhyncha C"
"1862","toro_flav","toro_meek","mega_mega",87115,123247,-0.1717611,-0.1717611,0.004009626,42.83717,"torotoro & megarhyncha C"
"1863","toro_meek","toro_meek","mega_mega",168265,165312,0.008852529,0.008852529,0.002535875,3.490917,"torotoro & megarhyncha C"
"1864","toro_flav","toro_meek","mega_mega",98447,89181,0.04938495,0.04938495,0.003086975,15.99784,"torotoro & megarhyncha C"
"1990","toro_tent","toro_meek","mega_sella",106433,90425,0.0813175,0.0813175,0.002866349,28.36971,"torotoro & megarhyncha H"
"1991","toro_tent","toro_flav","mega_sella",85704,82998,0.01604012,0.01604012,0.003404337,4.711672,"torotoro & megarhyncha H"
"1992","toro_meek","toro_flav","mega_sella",58764,66728,-0.06346221,-0.06346221,0.003479366,18.23959,"torotoro & megarhyncha H"
"1993","toro_tent","toro_toro","mega_sella",183757,178838,0.0135661,0.0135661,0.002222072,6.105157,"torotoro & megarhyncha H"
"1994","toro_meek","toro_toro","mega_sella",132247,141110,-0.0324228,-0.0324228,0.002432554,13.32871,"torotoro & megarhyncha H"
"1995","toro_flav","toro_toro","mega_sella",117098,114483,0.01129195,0.01129195,0.002821539,4.002051,"torotoro & megarhyncha H"
"1996","toro_tent","toro_flav","mega_sella",178023,115379,0.2135091,0.2135091,0.003800213,56.18347,"torotoro & megarhyncha H"
"1997","toro_meek","toro_flav","mega_sella",127613,92373,0.160192,0.160192,0.004179093,38.33177,"torotoro & megarhyncha H"
"1998","toro_flav","toro_flav","mega_sella",113160,74125,0.2084257,0.2084257,0.004241137,49.14381,"torotoro & megarhyncha H"
"1999","toro_toro","toro_flav","mega_sella",187166,136858,0.1552601,0.1552601,0.003254296,47.70928,"torotoro & megarhyncha H"
"2000","toro_tent","toro_meek","mega_sella",244311,226045,0.03883441,0.03883441,0.002106482,18.43568,"torotoro & megarhyncha H"
"2001","toro_meek","toro_meek","mega_sella",175002,177702,-0.007655144,-0.007655144,0.002369288,3.23099,"torotoro & megarhyncha H"
"2002","toro_flav","toro_meek","mega_sella",153929,143434,0.03529356,0.03529356,0.002671956,13.20889,"torotoro & megarhyncha H"
"2003","toro_toro","toro_meek","mega_sella",190352,178960,0.03084655,0.03084655,0.001977953,15.59519,"torotoro & megarhyncha H"
"2004","toro_flav","toro_meek","mega_sella",181349,239022,-0.1371955,-0.1371955,0.003204472,42.81376,"torotoro & megarhyncha H"
"2005","toro_tent","toro_flav","mega_sella",88273,88687,-0.002339512,-0.002339512,0.002748438,0.8512151,"torotoro & megarhyncha H"
"2006","toro_meek","toro_flav","mega_sella",90067,105866,-0.08063471,-0.08063471,0.00287073,28.08857,"torotoro & megarhyncha H"
"2007","toro_flav","toro_flav","mega_sella",82329,85713,-0.02013782,-0.02013782,0.003253961,6.188711,"torotoro & megarhyncha H"
"2008","toro_toro","toro_flav","mega_sella",178795,184544,-0.01582269,-0.01582269,0.002185204,7.240828,"torotoro & megarhyncha H"
"2009","toro_flav","toro_flav","mega_sella",114696,177399,-0.2146665,-0.2146665,0.003740741,57.38607,"torotoro & megarhyncha H"
"2010","toro_meek","toro_flav","mega_sella",225535,244568,-0.04048687,-0.04048687,0.00209086,19.36374,"torotoro & megarhyncha H"
"2011","toro_tent","toro_meek","mega_sella",96730,86817,0.05400797,0.05400797,0.002957636,18.26052,"torotoro & megarhyncha H"
"2012","toro_meek","toro_meek","mega_sella",43196,46875,-0.04084556,-0.04084556,0.003705443,11.02312,"torotoro & megarhyncha H"
"2013","toro_flav","toro_meek","mega_sella",61325,56570,0.0403325,0.0403325,0.003617868,11.14814,"torotoro & megarhyncha H"
"2014","toro_toro","toro_meek","mega_sella",127997,125623,0.009360461,0.009360461,0.002478627,3.77647,"torotoro & megarhyncha H"
"2015","toro_flav","toro_meek","mega_sella",84129,119816,-0.1749835,-0.1749835,0.004068127,43.01327,"torotoro & megarhyncha H"
"2016","toro_meek","toro_meek","mega_sella",161075,164822,-0.0114975,-0.0114975,0.00242498,4.741276,"torotoro & megarhyncha H"
"2017","toro_flav","toro_meek","mega_sella",96366,86874,0.05180092,0.05180092,0.003019289,17.15666,"torotoro & megarhyncha H"
"2143","toro_tent","toro_meek","mega_wellsi",54121,46917,0.07129991,0.07129991,0.00379093,18.80803,"torotoro & megarhyncha W"
"2144","toro_tent","toro_flav","mega_wellsi",45230,42281,0.03369862,0.03369862,0.004158395,8.103757,"torotoro & megarhyncha W"
"2145","toro_meek","toro_flav","mega_wellsi",32875,34878,-0.02956327,-0.02956327,0.004470509,6.612953,"torotoro & megarhyncha W"
"2146","toro_tent","toro_toro","mega_wellsi",85039,89539,-0.02577644,-0.02577644,0.002938367,8.77237,"torotoro & megarhyncha W"
"2147","toro_meek","toro_toro","mega_wellsi",63444,72978,-0.06988609,-0.06988609,0.003216809,21.72529,"torotoro & megarhyncha W"
"2148","toro_flav","toro_toro","mega_wellsi",55866,61108,-0.04481338,-0.04481338,0.003570539,12.55087,"torotoro & megarhyncha W"
"2149","toro_tent","toro_flav","mega_wellsi",81299,61013,0.142546,0.142546,0.004197877,33.95668,"torotoro & megarhyncha W"
"2150","toro_meek","toro_flav","mega_wellsi",60485,50572,0.08926047,0.08926047,0.004370337,20.42416,"torotoro & megarhyncha W"
"2151","toro_flav","toro_flav","mega_wellsi",53115,42395,0.1122396,0.1122396,0.00462609,24.2623,"torotoro & megarhyncha W"
"2152","toro_toro","toro_flav","mega_wellsi",88160,67496,0.1327543,0.1327543,0.003583329,37.04775,"torotoro & megarhyncha W"
"2153","toro_tent","toro_meek","mega_wellsi",111675,112502,-0.003689049,-0.003689049,0.002751515,1.340734,"torotoro & megarhyncha W"
"2154","toro_meek","toro_meek","mega_wellsi",82511,90869,-0.04820625,-0.04820625,0.003017916,15.97336,"torotoro & megarhyncha W"
"2155","toro_flav","toro_meek","mega_wellsi",72491,75434,-0.01989522,-0.01989522,0.003253924,6.114223,"torotoro & megarhyncha W"
"2156","toro_toro","toro_meek","mega_wellsi",87683,82721,0.02911903,0.02911903,0.002797937,10.40732,"torotoro & megarhyncha W"
"2157","toro_flav","toro_meek","mega_wellsi",87715,111177,-0.1179635,-0.1179635,0.003287773,35.87946,"torotoro & megarhyncha W"
"2158","toro_tent","toro_flav","mega_wellsi",44551,45242,-0.007695477,-0.007695477,0.003874839,1.986012,"torotoro & megarhyncha W"
"2159","toro_meek","toro_flav","mega_wellsi",46804,54047,-0.07181882,-0.07181882,0.003763416,19.08341,"torotoro & megarhyncha W"
"2160","toro_flav","toro_flav","mega_wellsi",41842,45784,-0.04498665,-0.04498665,0.00394726,11.39693,"torotoro & megarhyncha W"
"2161","toro_toro","toro_flav","mega_wellsi",89161,85833,0.01901779,0.01901779,0.002851343,6.669768,"torotoro & megarhyncha W"
"2162","toro_flav","toro_flav","mega_wellsi",60843,81563,-0.1454995,-0.1454995,0.004082061,35.64363,"torotoro & megarhyncha W"
"2163","toro_meek","toro_flav","mega_wellsi",112146,111857,0.001290161,0.001290161,0.002668281,0.4835177,"torotoro & megarhyncha W"
"2164","toro_tent","toro_meek","mega_wellsi",49755,45020,0.04996043,0.04996043,0.003961009,12.61306,"torotoro & megarhyncha W"
"2165","toro_meek","toro_meek","mega_wellsi",24414,25456,-0.02089433,-0.02089433,0.004894631,4.268825,"torotoro & megarhyncha W"
"2166","toro_flav","toro_meek","mega_wellsi",32771,31829,0.01458204,0.01458204,0.004492545,3.245831,"torotoro & megarhyncha W"
"2167","toro_toro","toro_meek","mega_wellsi",66859,60436,0.0504576,0.0504576,0.003282951,15.36958,"torotoro & megarhyncha W"
"2168","toro_flav","toro_meek","mega_wellsi",46675,56930,-0.09898171,-0.09898171,0.004349927,22.7548,"torotoro & megarhyncha W"
"2169","toro_meek","toro_meek","mega_wellsi",82895,77917,0.0309554,0.0309554,0.003134021,9.877216,"torotoro & megarhyncha W"
"2170","toro_flav","toro_meek","mega_wellsi",50197,44946,0.05519061,0.05519061,0.00391955,14.08085,"torotoro & megarhyncha W"
"2296","toro_tent","toro_meek","ochr",42218,37516,0.05897108,0.05897108,0.004336853,13.59767,"torotoro & ochracea"
"2297","toro_tent","toro_flav","ochr",36132,34460,0.0236854,0.0236854,0.004842256,4.891398,"torotoro & ochracea"
"2298","toro_meek","toro_flav","ochr",26037,27843,-0.03351893,-0.03351893,0.00506119,6.622737,"torotoro & ochracea"
"2299","toro_tent","toro_toro","ochr",71069,67597,0.02503858,0.02503858,0.003206459,7.808796,"torotoro & ochracea"
"2300","toro_meek","toro_toro","ochr",52461,53650,-0.01120525,-0.01120525,0.003401847,3.293872,"torotoro & ochracea"
"2301","toro_flav","toro_toro","ochr",47117,45235,0.02037855,0.02037855,0.003920379,5.198107,"torotoro & ochracea"
"2302","toro_tent","toro_flav","ochr",60189,48928,0.1032012,0.1032012,0.004311951,23.93375,"torotoro & ochracea"
"2303","toro_meek","toro_flav","ochr",43918,39144,0.05747514,0.05747514,0.004656555,12.34285,"torotoro & ochracea"
"2304","toro_flav","toro_flav","ochr",39531,33105,0.08846853,0.08846853,0.004825141,18.33491,"torotoro & ochracea"
"2305","toro_toro","toro_flav","ochr",63202,56857,0.05284902,0.05284902,0.003928784,13.45175,"torotoro & ochracea"
"2306","toro_tent","toro_meek","ochr",92631,83589,0.05131086,0.05131086,0.002864183,17.91466,"torotoro & ochracea"
"2307","toro_meek","toro_meek","ochr",67707,65298,0.0181121,0.0181121,0.003176402,5.702081,"torotoro & ochracea"
"2308","toro_flav","toro_meek","ochr",60268,54961,0.04605611,0.04605611,0.003522467,13.07496,"torotoro & ochracea"
"2309","toro_toro","toro_meek","ochr",71977,67521,0.03194311,0.03194311,0.003088817,10.34154,"torotoro & ochracea"
"2310","toro_flav","toro_meek","ochr",73082,77953,-0.0322508,-0.0322508,0.003472655,9.287073,"torotoro & ochracea"
"2311","toro_tent","toro_flav","ochr",37008,37186,-0.002399116,-0.002399116,0.004242743,0.5654634,"torotoro & ochracea"
"2312","toro_meek","toro_flav","ochr",37266,42157,-0.06158166,-0.06158166,0.004274397,14.4071,"torotoro & ochracea"
"2313","toro_flav","toro_flav","ochr",34569,36171,-0.02264631,-0.02264631,0.004661356,4.858309,"torotoro & ochracea"
"2314","toro_toro","toro_flav","ochr",68192,71463,-0.023422,-0.023422,0.003162291,7.406658,"torotoro & ochracea"
"2315","toro_flav","toro_flav","ochr",48760,60160,-0.104664,-0.104664,0.004249816,24.62788,"torotoro & ochracea"
"2316","toro_meek","toro_flav","ochr",83163,92819,-0.05486925,-0.05486925,0.002842472,19.30336,"torotoro & ochracea"
"2317","toro_tent","toro_meek","ochr",38990,36086,0.0386808,0.0386808,0.004476788,8.640303,"torotoro & ochracea"
"2318","toro_meek","toro_meek","ochr",19940,20949,-0.02467656,-0.02467656,0.005627253,4.385188,"torotoro & ochracea"
"2319","toro_flav","toro_meek","ochr",26023,25307,0.01394896,0.01394896,0.005120002,2.724404,"torotoro & ochracea"
"2320","toro_toro","toro_meek","ochr",49486,49928,-0.004446054,-0.004446054,0.003540789,1.255668,"torotoro & ochracea"
"2321","toro_flav","toro_meek","ochr",36677,41817,-0.06548271,-0.06548271,0.00456306,14.35061,"torotoro & ochracea"
"2322","toro_meek","toro_meek","ochr",60140,63813,-0.0296322,-0.0296322,0.003302969,8.971382,"torotoro & ochracea"
"2323","toro_flav","toro_meek","ochr",39116,35969,0.0419125,0.0419125,0.004511325,9.290507,"torotoro & ochracea"
"2340","mega_mega","mega_mega","ochr",68922,66666,0.01663864,0.01663864,0.003100993,5.365584,"ochracrea & megarhyncha C"
"2349","mega_mega","mega_sella","ochr",75303,69068,0.04318734,0.04318734,0.003209526,13.45599,"ochracea & megarhyncha H"
"2350","mega_mega","mega_sella","ochr",70753,66955,0.0275801,0.0275801,0.003266585,8.443097,"ochracea & megarhyncha H"
"2359","mega_mega","mega_mega","ochr",70126,66412,0.02720122,0.02720122,0.003235498,8.407119,"ochracrea & megarhyncha C"
"2360","mega_mega","mega_mega","ochr",65854,64565,0.009883529,0.009883529,0.003334369,2.964137,"ochracrea & megarhyncha C"
"2361","mega_sella","mega_mega","ochr",65563,67702,-0.01605073,-0.01605073,0.003044974,5.271219,"ochracea & megarhyncha H"
"2370","mega_mega","mega_mega","ochr",76932,70707,0.04216366,0.04216366,0.003007139,14.02119,"ochracrea & megarhyncha C"
"2371","mega_mega","mega_mega","ochr",72600,68749,0.02724462,0.02724462,0.003053747,8.921703,"ochracrea & megarhyncha C"
"2372","mega_sella","mega_mega","ochr",70320,70760,-0.003118798,-0.003118798,0.003192366,0.976955,"ochracea & megarhyncha H"
"2373","mega_mega","mega_mega","ochr",70159,67830,0.01687816,0.01687816,0.003192741,5.286416,"ochracrea & megarhyncha C"
"2382","mega_mega","mega_sella","ochr",76102,72255,0.02593069,0.02593069,0.003147117,8.239506,"ochracea & megarhyncha H"
"2383","mega_mega","mega_sella","ochr",71978,70000,0.01393174,0.01393174,0.00322776,4.316224,"ochracea & megarhyncha H"
"2384","mega_sella","mega_sella","ochr",72704,75413,-0.0182896,-0.0182896,0.003488263,5.243182,"ochracea & megarhyncha H"
"2385","mega_mega","mega_sella","ochr",69984,70349,-0.002600956,-0.002600956,0.003521955,0.7384979,"ochracea & megarhyncha H"
"2386","mega_mega","mega_sella","ochr",74314,76462,-0.0142463,-0.0142463,0.003163934,4.502717,"ochracea & megarhyncha H"
"2395","mega_mega","mega_wellsi","ochr",37671,41884,-0.05295707,-0.05295707,0.004534595,11.67846,"ochracea & megarhyncha C"
"2396","mega_mega","mega_wellsi","ochr",35500,40823,-0.06974307,-0.06974307,0.004574706,15.24537,"ochracea & megarhyncha C"
"2397","mega_sella","mega_wellsi","ochr",36398,44245,-0.09730541,-0.09730541,0.004401688,22.10638,"ochracea & megarhyncha H"
"2398","mega_mega","mega_wellsi","ochr",35016,41283,-0.08213738,-0.08213738,0.004544595,18.07364,"ochracea & megarhyncha C"
"2399","mega_mega","mega_wellsi","ochr",37160,45104,-0.09656715,-0.09656715,0.00445143,21.69351,"ochracea & megarhyncha C"
"2400","mega_sella","mega_wellsi","ochr",37967,44907,-0.08374158,-0.08374158,0.00478978,17.48339,"ochracea & megarhyncha H"
"2409","mega_mega","mega_sella","ochr",69574,62606,0.05271599,0.05271599,0.003345986,15.75499,"ochracea & megarhyncha H"
"2410","mega_mega","mega_sella","ochr",66049,61203,0.03808192,0.03808192,0.003383766,11.2543,"ochracea & megarhyncha H"
"2411","mega_sella","mega_sella","ochr",65839,64477,0.01045152,0.01045152,0.003203036,3.263003,"ochracea & megarhyncha H"
"2412","mega_mega","mega_sella","ochr",63438,60548,0.02330908,0.02330908,0.003202473,7.278463,"ochracea & megarhyncha H"
"2413","mega_mega","mega_sella","ochr",67972,65961,0.01501497,0.01501497,0.003274568,4.585328,"ochracea & megarhyncha H"
"2414","mega_sella","mega_sella","ochr",61479,57849,0.03042035,0.03042035,0.003785249,8.036553,"ochracea & megarhyncha H"
"2415","mega_wellsi","mega_sella","ochr",40942,32935,0.1083829,0.1083829,0.004678868,23.16433,"ochracea & megarhyncha H"
"2424","mega_mega","mega_wellsi","ochr",41657,47688,-0.06750238,-0.06750238,0.004261154,15.84134,"ochracea & megarhyncha C"
"2425","mega_mega","mega_wellsi","ochr",39100,46236,-0.08362239,-0.08362239,0.004413085,18.94874,"ochracea & megarhyncha C"
"2426","mega_sella","mega_wellsi","ochr",39784,50107,-0.1148391,-0.1148391,0.004267157,26.91232,"ochracea & megarhyncha H"
"2427","mega_mega","mega_wellsi","ochr",39000,46950,-0.09249564,-0.09249564,0.004152581,22.27425,"ochracea & megarhyncha C"
"2428","mega_mega","mega_wellsi","ochr",41085,51383,-0.1113683,-0.1113683,0.004176504,26.66543,"ochracea & megarhyncha C"
"2429","mega_sella","mega_wellsi","ochr",41940,50482,-0.09242388,-0.09242388,0.004534699,20.38148,"ochracea & megarhyncha H"
"2430","mega_wellsi","mega_wellsi","ochr",24172,24753,-0.01187532,-0.01187532,0.005401126,2.198675,"ochracea & megarhyncha W"
"2431","mega_sella","mega_wellsi","ochr",36201,46280,-0.1221978,-0.1221978,0.004320227,28.28505,"ochracea & megarhyncha H"
"2440","mega_mega","mega_wellsi","ochr",40741,47319,-0.07469907,-0.07469907,0.00415383,17.98318,"ochracea & megarhyncha C"
"2441","mega_mega","mega_wellsi","ochr",38106,45583,-0.08934269,-0.08934269,0.004327304,20.64627,"ochracea & megarhyncha C"
"2442","mega_sella","mega_wellsi","ochr",39674,50041,-0.1155548,-0.1155548,0.004255291,27.15556,"ochracea & megarhyncha H"
"2443","mega_mega","mega_wellsi","ochr",38245,46712,-0.09966218,-0.09966218,0.004301883,23.1671,"ochracea & megarhyncha C"
"2444","mega_mega","mega_wellsi","ochr",40715,51059,-0.1127117,-0.1127117,0.004128517,27.30076,"ochracea & megarhyncha C"
"2445","mega_sella","mega_wellsi","ochr",40949,49881,-0.09833755,-0.09833755,0.004441369,22.14127,"ochracea & megarhyncha H"
"2446","mega_wellsi","mega_wellsi","ochr",24345,25148,-0.01622452,-0.01622452,0.005447883,2.978132,"ochracea & megarhyncha W"
"2447","mega_sella","mega_wellsi","ochr",35642,45863,-0.1254033,-0.1254033,0.004615155,27.17207,"ochracea & megarhyncha H"
"2448","mega_wellsi","mega_wellsi","ochr",27217,27396,-0.003277608,-0.003277608,0.005101339,0.6424996,"ochracea & megarhyncha W"
"2449","toro_tent","toro_meek","mega_sella",93220,81709,0.06580384,0.06580384,0.003163661,20.7999,"torotoro & megarhyncha H"
"2450","toro_tent","toro_flav","mega_sella",76708,74696,0.01328895,0.01328895,0.003697563,3.593975,"torotoro & megarhyncha H"
"2451","toro_meek","toro_flav","mega_sella",52583,58445,-0.05279749,-0.05279749,0.003879446,13.60955,"torotoro & megarhyncha H"
"2452","toro_tent","toro_toro","mega_sella",163440,160401,0.009384235,0.009384235,0.002321705,4.041958,"torotoro & megarhyncha H"
"2453","toro_meek","toro_toro","mega_sella",117946,124442,-0.02680001,-0.02680001,0.002458834,10.89948,"torotoro & megarhyncha H"
"2454","toro_flav","toro_toro","mega_sella",105117,101898,0.0155496,0.0155496,0.002897641,5.366296,"torotoro & megarhyncha H"
"2455","toro_tent","toro_flav","mega_sella",156638,104356,0.2003188,0.2003188,0.003914922,51.16801,"torotoro & megarhyncha H"
"2456","toro_meek","toro_flav","mega_sella",112148,81785,0.1565644,0.1565644,0.004210283,37.18619,"torotoro & megarhyncha H"
"2457","toro_flav","toro_flav","mega_sella",99330,66543,0.1976633,0.1976633,0.004334815,45.59901,"torotoro & megarhyncha H"
"2458","toro_toro","toro_flav","mega_sella",164263,122412,0.1459876,0.1459876,0.003381182,43.17651,"torotoro & megarhyncha H"
"2459","toro_tent","toro_meek","mega_sella",219499,202472,0.04035111,0.04035111,0.00209859,19.22773,"torotoro & megarhyncha H"
"2460","toro_meek","toro_meek","mega_sella",157424,156175,0.003982793,0.003982793,0.002353162,1.692528,"torotoro & megarhyncha H"
"2461","toro_flav","toro_meek","mega_sella",138955,127926,0.04132553,0.04132553,0.002734916,15.11035,"torotoro & megarhyncha H"
"2462","toro_toro","toro_meek","mega_sella",170509,158477,0.03657298,0.03657298,0.002123418,17.22364,"torotoro & megarhyncha H"
"2463","toro_flav","toro_meek","mega_sella",163137,209694,-0.1248743,-0.1248743,0.003259381,38.31227,"torotoro & megarhyncha H"
"2464","toro_tent","toro_flav","mega_sella",78767,79880,-0.007015575,-0.007015575,0.002908508,2.412087,"torotoro & megarhyncha H"
"2465","toro_meek","toro_flav","mega_sella",81107,93016,-0.06839418,-0.06839418,0.003145271,21.74509,"torotoro & megarhyncha H"
"2466","toro_flav","toro_flav","mega_sella",73914,76346,-0.01618528,-0.01618528,0.003509214,4.612224,"torotoro & megarhyncha H"
"2467","toro_toro","toro_flav","mega_sella",159433,163794,-0.01349207,-0.01349207,0.002301746,5.861665,"torotoro & megarhyncha H"
"2468","toro_flav","toro_flav","mega_sella",103458,155934,-0.2023038,-0.2023038,0.003847935,52.57466,"torotoro & megarhyncha H"
"2469","toro_meek","toro_flav","mega_sella",201043,219274,-0.04337441,-0.04337441,0.00212894,20.37371,"torotoro & megarhyncha H"
"2470","toro_tent","toro_meek","mega_sella",85129,78394,0.04118687,0.04118687,0.003315992,12.42068,"torotoro & megarhyncha H"
"2471","toro_meek","toro_meek","mega_sella",38199,40659,-0.03119531,-0.03119531,0.004078715,7.648318,"torotoro & megarhyncha H"
"2472","toro_flav","toro_meek","mega_sella",53964,50694,0.03124463,0.03124463,0.003905886,7.99937,"torotoro & megarhyncha H"
"2473","toro_toro","toro_meek","mega_sella",113350,111612,0.007725749,0.007725749,0.002541626,3.039688,"torotoro & megarhyncha H"
"2474","toro_flav","toro_meek","mega_sella",74768,105661,-0.1712197,-0.1712197,0.004165937,41.09993,"torotoro & megarhyncha H"
"2475","toro_meek","toro_meek","mega_sella",141881,148200,-0.02178357,-0.02178357,0.002451241,8.886754,"torotoro & megarhyncha H"
"2476","toro_flav","toro_meek","mega_sella",84800,78022,0.04162828,0.04162828,0.003249856,12.80927,"torotoro & megarhyncha H"
"2602","toro_tent","toro_meek","mega_wellsi",59009,51381,0.06910046,0.06910046,0.003675238,18.80163,"torotoro & megarhyncha W"
"2603","toro_tent","toro_flav","mega_wellsi",49243,47241,0.02074955,0.02074955,0.00425536,4.876098,"torotoro & megarhyncha W"
"2604","toro_meek","toro_flav","mega_wellsi",35578,38597,-0.04070104,-0.04070104,0.004498718,9.047254,"torotoro & megarhyncha W"
"2605","toro_tent","toro_toro","mega_wellsi",94063,99227,-0.02671633,-0.02671633,0.002844644,9.3918,"torotoro & megarhyncha W"
"2606","toro_meek","toro_toro","mega_wellsi",69359,80244,-0.07275924,-0.07275924,0.003067551,23.719,"torotoro & megarhyncha W"
"2607","toro_flav","toro_toro","mega_wellsi",62430,66933,-0.03480903,-0.03480903,0.00349302,9.96531,"torotoro & megarhyncha W"
"2608","toro_tent","toro_flav","mega_wellsi",90064,68317,0.1373081,0.1373081,0.004050058,33.90276,"torotoro & megarhyncha W"
"2609","toro_meek","toro_flav","mega_wellsi",66121,55281,0.08929013,0.08929013,0.004240607,21.05598,"torotoro & megarhyncha W"
"2610","toro_flav","toro_flav","mega_wellsi",59281,46146,0.1245886,0.1245886,0.004468466,27.88173,"torotoro & megarhyncha W"
"2611","toro_toro","toro_flav","mega_wellsi",97914,74166,0.1380056,0.1380056,0.003491348,39.52788,"torotoro & megarhyncha W"
"2612","toro_tent","toro_meek","mega_wellsi",123711,125328,-0.006492959,-0.006492959,0.002708725,2.397054,"torotoro & megarhyncha W"
"2613","toro_meek","toro_meek","mega_wellsi",90329,100353,-0.0525692,-0.0525692,0.002941482,17.87167,"torotoro & megarhyncha W"
"2614","toro_flav","toro_meek","mega_wellsi",80465,83198,-0.01669895,-0.01669895,0.003299298,5.061364,"torotoro & megarhyncha W"
"2615","toro_toro","toro_meek","mega_wellsi",97302,91789,0.02915527,0.02915527,0.002668064,10.9275,"torotoro & megarhyncha W"
"2616","toro_flav","toro_meek","mega_wellsi",96762,123457,-0.1212202,-0.1212202,0.003211836,37.74172,"torotoro & megarhyncha W"
"2617","toro_tent","toro_flav","mega_wellsi",49636,49898,-0.002632266,-0.002632266,0.003683026,0.714702,"torotoro & megarhyncha W"
"2618","toro_meek","toro_flav","mega_wellsi",51560,58943,-0.06681267,-0.06681267,0.003604729,18.53473,"torotoro & megarhyncha W"
"2619","toro_flav","toro_flav","mega_wellsi",47041,49306,-0.02350878,-0.02350878,0.004143327,5.673888,"torotoro & megarhyncha W"
"2620","toro_toro","toro_flav","mega_wellsi",100083,94365,0.02940632,0.02940632,0.002793644,10.52615,"torotoro & megarhyncha W"
"2621","toro_flav","toro_flav","mega_wellsi",68171,89959,-0.1377854,-0.1377854,0.003963495,34.7636,"torotoro & megarhyncha W"
"2622","toro_meek","toro_flav","mega_wellsi",125706,124303,0.005611798,0.005611798,0.002650657,2.117135,"torotoro & megarhyncha W"
"2623","toro_tent","toro_meek","mega_wellsi",54253,49445,0.04636541,0.04636541,0.003886885,11.92868,"torotoro & megarhyncha W"
"2624","toro_meek","toro_meek","mega_wellsi",26031,27591,-0.02909254,-0.02909254,0.004720099,6.163544,"torotoro & megarhyncha W"
"2625","toro_flav","toro_meek","mega_wellsi",35792,34150,0.02347659,0.02347659,0.004538647,5.172598,"torotoro & megarhyncha W"
"2626","toro_toro","toro_meek","mega_wellsi",73363,66259,0.05088023,0.05088023,0.003146467,16.17059,"torotoro & megarhyncha W"
"2627","toro_flav","toro_meek","mega_wellsi",51134,62830,-0.1026289,-0.1026289,0.004295692,23.89112,"torotoro & megarhyncha W"
"2628","toro_meek","toro_meek","mega_wellsi",91239,85399,0.03306197,0.03306197,0.003101505,10.65998,"torotoro & megarhyncha W"
"2629","toro_flav","toro_meek","mega_wellsi",54383,49761,0.04438086,0.04438086,0.003768615,11.77644,"torotoro & megarhyncha W"
"2755","toro_tent","toro_meek","mega_wellsi",58236,50962,0.06661294,0.06661294,0.003775748,17.64232,"torotoro & megarhyncha W"
"2756","toro_tent","toro_flav","mega_wellsi",48590,46483,0.02216192,0.02216192,0.004124345,5.373439,"torotoro & megarhyncha W"
"2757","toro_meek","toro_flav","mega_wellsi",35041,37738,-0.03705739,-0.03705739,0.00439232,8.436861,"torotoro & megarhyncha W"
"2758","toro_tent","toro_toro","mega_wellsi",92511,97576,-0.02664569,-0.02664569,0.002889669,9.221021,"torotoro & megarhyncha W"
"2759","toro_meek","toro_toro","mega_wellsi",68250,78671,-0.07092927,-0.07092927,0.003154945,22.48193,"torotoro & megarhyncha W"
"2760","toro_flav","toro_toro","mega_wellsi",61106,65332,-0.0334235,-0.0334235,0.003638623,9.185754,"torotoro & megarhyncha W"
"2761","toro_tent","toro_flav","mega_wellsi",89768,66668,0.1476642,0.1476642,0.004052042,36.44193,"torotoro & megarhyncha W"
"2762","toro_meek","toro_flav","mega_wellsi",65686,54004,0.09760214,0.09760214,0.004212482,23.16975,"torotoro & megarhyncha W"
"2763","toro_flav","toro_flav","mega_wellsi",58722,45279,0.1292584,0.1292584,0.004473181,28.8963,"torotoro & megarhyncha W"
"2764","toro_toro","toro_flav","mega_wellsi",96901,72518,0.1439213,0.1439213,0.003464315,41.54394,"torotoro & megarhyncha W"
"2765","toro_tent","toro_meek","mega_wellsi",121437,122414,-0.004006545,-0.004006545,0.002788065,1.437034,"torotoro & megarhyncha W"
"2766","toro_meek","toro_meek","mega_wellsi",88574,97399,-0.04745312,-0.04745312,0.003011164,15.75906,"torotoro & megarhyncha W"
"2767","toro_flav","toro_meek","mega_wellsi",78404,81017,-0.01639056,-0.01639056,0.003305457,4.958638,"torotoro & megarhyncha W"
"2768","toro_toro","toro_meek","mega_wellsi",95302,90058,0.02829089,0.02829089,0.002689133,10.52045,"torotoro & megarhyncha W"
"2769","toro_flav","toro_meek","mega_wellsi",94029,121857,-0.1289014,-0.1289014,0.00324758,39.69151,"torotoro & megarhyncha W"
"2770","toro_tent","toro_flav","mega_wellsi",49104,49436,-0.00336919,-0.00336919,0.003636278,0.9265492,"torotoro & megarhyncha W"
"2771","toro_meek","toro_flav","mega_wellsi",51171,58324,-0.06532718,-0.06532718,0.003677267,17.76514,"torotoro & megarhyncha W"
"2772","toro_flav","toro_flav","mega_wellsi",45951,49080,-0.0329261,-0.0329261,0.004112096,8.007133,"torotoro & megarhyncha W"
"2773","toro_toro","toro_flav","mega_wellsi",98241,93040,0.02719036,0.02719036,0.002866504,9.485549,"torotoro & megarhyncha W"
"2774","toro_flav","toro_flav","mega_wellsi",66523,89406,-0.1467527,-0.1467527,0.003892813,37.69837,"torotoro & megarhyncha W"
"2775","toro_meek","toro_flav","mega_wellsi",122757,121574,0.004841792,0.004841792,0.002653151,1.824922,"torotoro & megarhyncha W"
"2776","toro_tent","toro_meek","mega_wellsi",53658,49455,0.04076111,0.04076111,0.003841362,10.61111,"torotoro & megarhyncha W"
"2777","toro_meek","toro_meek","mega_wellsi",26365,27589,-0.02268599,-0.02268599,0.004811065,4.715379,"torotoro & megarhyncha W"
"2778","toro_flav","toro_meek","mega_wellsi",35353,34042,0.01889185,0.01889185,0.004556087,4.146508,"torotoro & megarhyncha W"
"2779","toro_toro","toro_meek","mega_wellsi",72449,65528,0.05016053,0.05016053,0.003298682,15.20623,"torotoro & megarhyncha W"
"2780","toro_flav","toro_meek","mega_wellsi",50324,62748,-0.1098769,-0.1098769,0.004296498,25.5736,"torotoro & megarhyncha W"
"2781","toro_meek","toro_meek","mega_wellsi",89491,84104,0.031032,0.031032,0.003145902,9.864261,"torotoro & megarhyncha W"
"2782","toro_flav","toro_meek","mega_wellsi",53984,49172,0.0466478,0.0466478,0.003812553,12.23532,"torotoro & megarhyncha W"
